1uir,1uisit,2,3,3mark,3r,4,4er,4ng,aac,aam,ab,abal,abandon,abat,abbei,abdel,abdelaziz,abdul,abdulaziz,abid,abil,ablaz,abolish,abolit,abroad,abrupt,absb,absolut,absorb,abu,abund,abus,academ,acceler,accept,access,accid,accommod,accomod,accompani,accomplish,accord,accordingli,account,accredit,accru,accrual,accumul,accus,achiev,acid,acknowledg,acknowleg,acm,acpt,acr,acreag,across,act,action,activ,actual,acuir,ad,adam,adana,adapingth,adapt,adc,adct,add,addit,addition,address,adequ,adequaci,adher,adjourn,adjust,adkerson,administ,administr,adminsitr,admiss,admit,adopt,adr,advanc,advantag,advers,adverseri,advertis,advic,advis,advisor,advisori,advoc,aegean,aerial,aerospac,aet,aetna,affair,affect,affili,affirm,afford,afg,afl,afrcian,africa,african,afternoon,ag,agcni,agenc,agenda,agent,aggrav,aggreg,aggress,agip,ago,agre,agreeeement,agreeement,agreement,agricultur,agrio,agro,aguarico,ahc,ahead,ahm,ahp,aid,aidc,ail,aim,air,airbu,aircraft,airdrom,airfram,airlin,airmot,airport,aizawa,akiman,akzo,alamo,alan,alarm,alaska,alaskan,alatenn,alberston,albert,alberta,albertan,albertson,albion,alcohol,alcudiai,alen,alert,alex,alexand,alexandria,alf,alfa,alfr,algeria,algerian,algier,ali,alick,align,aliv,allan,alleg,allegedli,allegi,allen,allevi,alli,alloc,allot,allow,alltest,allwast,almi,almir,almost,alon,alpha,alsacienn,alsthom,alter,altern,altogeth,alton,aluminium,aluminum,alvit,alw,amauligak,amaz,amazon,ambassador,ambiti,amca,amend,amerada,america,american,americu,amex,amgd,ami,amid,amidst,amkg,amman,ammend,ammonia,ammunit,amoco,amortis,amoskeag,amount,ampl,amplifi,amsterdam,amstutz,amt,amtorg,amus,an,anacomp,analysi,analyst,analyt,analytichem,analyz,anatolian,anba,anchorag,and,andean,andersen,anderson,andrew,angel,anger,anglo,angri,angrili,angu,anim,anita,anitec,anixt,ankara,ann,annal,annex,anniversari,annoi,annouc,announc,annual,anonym,anoth,ansi,answer,antagonis,antc,anti,antibiotico,anticip,antidump,antonio,antonson,antwerp,anw,anwar,anxiou,anytim,anywher,aomi,ap,apart,apartheid,apea,apholt,api,apolonio,appar,apparel,appeal,appear,appl,appli,applianc,applic,appoint,appreci,approach,appropri,approv,approxim,april,aqazadeh,aquitain,arab,arabia,arabian,aramco,aramid,arauca,arbit,arbitrag,arbitrageur,arbitrari,arbroath,arc,archer,archi,architect,arco,arctic,ardeshir,area,aren,arena,argentin,argu,argument,argyl,arifin,aris,ariz,arizona,arm,armacost,armi,armor,armr,armstrong,armtek,arnold,arrang,arriv,arsen,art,arthur,articl,artifici,arturo,asadi,asbestec,asbesto,asc,asea,ashland,ashman,ashton,asia,asian,ask,aspect,aspen,aspir,assam,asscess,assembl,assert,assess,asset,assign,assist,associ,assset,assum,assumpt,assur,ast,atfc,athabasca,athen,atico,atla,atlant,atlanta,atmospher,atng,atomika,attach,attack,attain,attaka,attempt,attend,attent,attitud,attornei,attract,attribut,aturo,au,audienc,audio,auditor,august,augusta,ausimont,auspic,auster,australia,australian,austria,austrian,author,authoris,authorit,authorizerd,auto,autobiographi,automat,automedix,automobil,automot,autumn,avail,avait,averag,averi,avert,avg,avi,aviat,avoid,await,awar,award,awsat,axp,axworthi,ayal,ayala,aymah,aziz,azuma,ba,baath,babi,bac,bach,back,backdrop,backer,background,backlog,bacn,bad,badli,bae,baghdad,bahama,bahar,bahrain,bai,bailei,baird,baka,baker,balanc,balao,baldrig,balk,ball,balladur,balli,balloon,balzac,ban,banana,banca,banco,bancorp,bancorpor,bancshar,bandwagon,bangladesh,bank,bankamerica,banker,bankhau,bankruptci,banner,banqu,baptist,bar,barbara,barber,barclai,barent,bargain,barit,bark,barnei,barrel,barrier,barter,base,baseless,bash,basi,basic,basin,basix,basl,bass,bassiouni,bate,batteri,battl,battlefield,bbc,bbcz,bbdo,bbl,bcf,bcom,bdding,bdm,beach,beacon,bear,bearish,beat,beaubien,beaufort,beauti,becom,beef,beer,began,begin,begun,behalf,behaviour,beijar,belgian,belgium,belgo,belgolux,belgrad,belief,believ,beliv,belkacem,bell,belliger,belong,below,benbow,benchmark,benefici,beneficiari,benefit,benequ,benguet,benn,bentsen,bere,berkshir,berlin,bermuda,bern,bernard,bernardino,bernbach,bernstein,berr,bertram,beryl,beset,bethesda,bethlehem,beverag,bfd,bfdb,bga,bgph,biannual,bias,bic,bid,bidder,big,bigger,biggest,bijan,bilater,bilion,bill,billion,billlion,biltmor,bin,bind,biolog,bipartisan,bird,birr,bishop,bit,bitter,bitterli,bjoern,bkn,bkne,bko,black,blame,bld,bleak,blend,blender,bleu,bloat,bloc,block,blood,blow,bludgeon,bluefish,bluf,bluffton,blunt,blur,bly,bmd,bmy,bnl,bnr,board,boat,bob,bodi,boe,boeski,bog,boil,boiler,bold,boliden,bolivar,bolster,bomb,bonanza,bond,bonker,bonn,bonni,bonu,book,boom,boomerang,boon,boost,boot,bor,border,borg,borman,born,borrow,boston,bother,bottom,bougainvil,bought,boui,bound,bours,bouygu,boveri,bow,box,boycott,bpd,bpgf,bpsiq,bracho,bradstreet,brake,branch,brancho,brand,brasil,brasileiro,brasilia,brass,brazil,brazilian,breach,break,breakdown,breakfast,breakneck,breakthrough,breakup,breath,bren,brenco,brent,brew,breweri,brf,brian,bridg,brief,briefli,brien,brierlei,brighten,brightest,bring,brink,brinkmanship,bristol,britain,britian,british,brkn,bro,broad,broadcast,broaden,broader,broadli,brodi,broke,broken,broker,brokerag,brookehil,brother,brought,brown,bruce,brussel,bryson,btlr,bu,buccan,buchanan,buckhorn,buckler,budget,budgetari,buena,buff,buffton,bugdet,bui,build,builder,buildier,buildup,built,bukhoosh,bulk,bull,bulletin,bullish,bumbl,bunch,bundesbank,buoi,buoyant,burden,burdensom,burdett,bureacraci,bureau,burlington,burn,burnham,burst,burt,bush,busi,businesess,businessman,businessmen,butcher,butler,buva,buyer,buyout,bypass,byrd,byron,bywat,cabbag,cabinet,cabl,cacex,caf,cag,cairo,calcul,caledonian,calend,calendar,calgari,calif,california,caljet,call,calm,calmar,calmark,calrsson,caltex,cambridg,camco,camdessu,camp,campaign,campo,can,canada,canadaina,canadian,cancel,cancer,candid,candidaci,cannot,cano,canot,canron,canterra,cantrex,canvass,cap,capabl,capac,capciti,capel,capistrano,capit,capitalis,capozza,captiv,car,caraca,carbid,carbon,carbozulia,card,cardena,care,career,carefulli,cargil,cargo,carib,caribbean,carl,carlo,carlsson,carlton,carlucci,carm,carnei,carol,carolin,carri,carrier,carrol,carryforward,carryfoward,carryov,carson,cartel,carter,case,casei,cash,casino,cassett,casual,casualti,catalas,catalyst,catalyt,catapult,catastroph,categori,cater,caught,caus,caution,cautiou,cautious,cavendish,cawl,cayamb,cb,cbco,cbm,cbsi,cccr,ccl,ccn,ccr,cdin,cdn,ceas,cede,ceil,celanes,celeron,cell,cement,cenergi,censu,cent,center,centr,central,centuri,cepe,cera,cereal,ceremenoni,ceremoni,cerier,certainti,certif,certifi,cfa,cfmi,cfr,cftc,cgct,cgld,chacin,chain,chair,chairman,chairmen,chalabi,challeng,chamber,champion,champlin,chanc,chancellor,chandross,chanel,chang,channel,channon,chao,chapter,character,charg,charl,charm,charter,chase,chatsworth,cheap,cheaper,cheat,check,chem,chemic,chemlawn,chen,chesebrough,cheung,chevron,chicago,chicken,chief,chiefli,chien,chile,china,chines,chip,chipmak,chirac,chocol,choic,choke,chona,choos,chosen,chr,chri,christi,chronic,chrz,chunk,chv,cidn,cie,cif,cigarett,cinram,cio,circuit,circul,circumst,cite,citgo,citi,citicorp,citizen,citru,civil,ckgh,claim,clara,clarifi,clark,class,claud,claus,claymont,clayton,clc,clear,clearanc,clearcut,clercq,cleveland,clever,client,clifford,climat,climb,clinton,clmi,clo,close,closer,closest,closng,closur,cloth,cloud,clout,clri,club,cmac,cmte,cni,cnooc,cnp,cntr,co,coal,coalit,coast,coastal,coat,cobanco,code,coeur,cofab,coffe,coffin,coher,coincid,coke,colc,cold,colder,coleco,collabor,collaps,colleagu,collect,collis,colo,colodni,colombia,colombian,colon,coloni,colorado,colorol,colosseum,columbian,columbu,comalco,combat,combin,combust,comdata,come,comeback,comecon,comfort,command,commenc,comment,commerc,commerci,commeric,commerzbank,commiss,commission,commit,committe,committess,commmon,commod,common,commonwealth,commuiti,commun,communiqu,communist,comon,compagni,compani,compar,comparison,compat,compel,compens,compet,competit,competitor,complain,complaint,complement,complet,complex,compli,complianc,complic,compo,compon,compos,composit,compositair,compound,comprehend,comprehens,compris,compromis,comptrol,comput,computer,computerknowledg,comtech,con,conabl,conagra,conced,concentr,concepcion,concern,concert,concess,concession,concessionari,concili,conciliatori,conclud,conclus,concret,condemn,condens,conder,condit,conduct,confer,confid,confidenti,confin,confirm,conflict,conform,confront,confus,conglomer,congress,congression,congressman,congressmen,conjunct,connect,conoco,conosolid,consecut,consensu,consent,consequ,conserv,consid,consider,consist,consolid,consortia,consortium,constant,constantli,constitut,constrain,constraint,construct,consult,consum,consumm,consumpt,contact,contain,contel,contempl,contend,content,contenti,conteol,contest,context,contin,continent,conting,continu,contract,contractor,contractu,contradict,contrari,contrast,contraven,contribut,control,controversi,conven,conveni,convent,converg,convern,convers,convert,convinc,cook,cool,cooper,coordin,copani,copco,cope,copi,copmlet,copper,copyright,coradian,coral,cordero,core,corfp,corn,corner,cornerston,corp,corpor,corporacion,corpror,corps,corpu,correct,correspond,cosmet,cost,costa,costli,cote,cotton,couldn,council,counsel,counsellor,count,counter,counterfeit,countermov,counterpart,counterproduct,countertrad,countervail,counti,countri,coupl,coupon,cour,courier,court,coutervail,covena,cover,covert,cow,cpl,cpml,cra,craa,crack,cracker,craft,crandel,crane,crash,cravo,crawl,creat,creation,credibilti,credibl,credit,creditor,crg,crimin,crise,crisi,criteria,critic,criticis,crn,cronu,croo,cross,crossbord,crossroad,crown,crucial,crumbl,crush,cruz,cruzado,cryssen,csbk,csp,csyi,ct,ctc,ctyn,cubic,culmin,culprit,cultiv,cultur,cumul,curb,cure,currenc,current,curtail,curti,cushion,custom,cut,cutback,cvgi,cvgt,cwcc,cyclop,cyl,cypress,cypru,czechoslovakia,daewoo,dahl,dahlberg,dai,daili,dairi,dakota,dale,dalian,dalla,dam,damag,dampen,dan,dane,danger,daniel,danvil,dasa,dash,data,datagen,datagraphix,datamag,date,davi,david,davidson,davignon,davo,dawkin,dbc,dbkg,dca,dco,dd,de,dead,deadli,deadlin,deadlock,deal,dealer,dealt,dean,debat,debentur,debenur,debit,debra,debt,debtor,debut,dec,decad,decemb,decent,decid,decis,deck,declar,declin,decre,decreas,dedham,dedic,deduct,deem,deep,deeper,deepli,deerfield,default,defenc,defend,defens,defer,defianc,defici,deficit,defict,defin,definit,definitv,defint,deflationari,deflect,defus,degre,del,delai,deleg,deliber,delic,delin,delist,deliv,deliveri,delor,demand,deminex,democraci,democrat,demonst,demonstr,den,deni,denial,denman,denni,denomin,depart,departur,depend,depict,deplet,deploi,deplor,deposit,depositori,depreci,depress,depriv,depth,deputi,deregul,deriv,derivit,describ,deserv,design,desir,desper,despit,destin,destock,destroi,detail,detect,detent,deter,deterg,deterior,determin,detial,deutsch,devalu,devast,develop,devic,devis,devot,dgc,dhabi,di,dia,diablo,diagnost,dialogu,diamet,diamond,diari,dibona,dick,dictat,diego,diesel,diet,dieter,differ,differenti,difficult,difficulti,difficultiesand,digicon,digit,digniti,dilig,dillard,dillon,dilut,dim,dimens,diminish,dinar,dip,diplomat,direct,directli,director,dirham,disadvantag,disagr,disagre,disappear,disappoint,disassoci,disast,disbar,disc,discard,discharg,disciplin,disclos,disclosur,discontinu,discount,discourag,discov,discoveri,discreetli,discret,discrimin,discriminatori,discuss,disdmutas,diseas,disguis,disincent,dismai,dismal,dismantl,dismiss,disord,dispar,dispit,displac,displai,dispos,disposit,disproportion,disput,disquiet,disrupt,dissatisfact,dissemin,dissid,dissoci,distanc,distil,distinct,distinctli,distort,distress,distribut,distributor,district,disturb,disuss,ditch,div,dive,diverg,divers,diversif,diversifi,divert,divest,divestitur,divid,dividend,divis,dl,dlog,dlr,dmag,doabl,document,doe,doesn,dofascoxinc,doha,dole,dollar,dome,domenici,domest,domin,dominican,dominion,don,donald,donaldson,donat,donovan,donut,door,doorstep,dot,doubl,doubt,dougla,doumeng,dow,downgrad,downplai,downstream,downturn,downward,doyl,dozen,dpcz,dr,draconian,draft,drag,drain,dram,dramat,drastic,draugen,draw,drawback,drawdown,drawn,dreg,dresdner,dresser,drew,drexel,dri,driftwood,drill,drive,drop,drove,drug,drummond,dry,dual,dubai,dublin,duchesn,ducommun,due,dump,dunham,dunk,dunkin,dunn,dunnen,duplic,dupont,dur,duro,dutch,duti,dwarf,dwindl,dww,dya,dynam,dynamit,dynastar,dyneer,dyr,each,eagl,ealier,earli,earlier,earliest,earmark,earth,earthquak,eas,easi,easier,easiest,easili,east,easter,eastern,eastman,eberstadt,ebing,ecaudor,ecgd,echo,eckenfeld,econom,economi,economicli,economist,ecopetrol,ecu,ecuador,ecuadorean,ecuatoriana,eden,edg,edgar,edgington,edinburgh,editor,editori,edmin,edmonton,edouard,educ,edward,eec,eep,effect,effici,effort,effot,efh,efp,egon,egpc,egypt,egyptian,eia,eiaj,eight,eighth,eishiro,elabor,elect,electr,electromagnet,electron,element,elev,eleven,eleventh,elf,elfp,elgin,elimin,elk,elliot,elliott,elmer,embargo,embark,embassi,embrac,emerg,emerson,emh,emhart,emir,emiss,emot,emphas,emphasi,emphasis,empir,emploi,employ,employe,empti,emr,enabl,enact,enbl,encount,encourag,end,endang,endeavor,endeavour,endo,endors,enemi,enercon,energi,energia,enfield,enforc,engag,enger,engin,england,english,enhanc,eni,enjoi,enlarg,enorm,enquiri,ensur,ent,entail,enter,enterpris,entertain,entic,entir,entiti,entitl,entrant,entrepo,entrepreneur,entrepreu,entri,environ,environment,envisag,envoi,enzn,enzon,enzym,epicentr,eprom,epsi,epsilon,epxertis,equa,equal,equatori,equimp,equip,equit,equiti,equitori,equival,equivil,era,erad,eralp,eras,erc,erdem,erekson,eric,ericsson,erik,erod,eros,erupt,esb,escal,escap,espinosa,esquir,esselt,essenti,essf,esso,est,establish,estat,estim,etang,etc,ethic,etienn,eugen,euro,europ,european,ev,evalu,evan,evelyn,even,event,eventu,evergo,evgh,evid,evolut,exact,exactli,examin,exampl,excahng,exce,exceed,except,excess,exchang,exchequ,excis,excit,exclud,exclus,exco,excus,execut,exempt,exercis,exert,exhibit,exisit,exist,exit,exort,exovir,expand,expans,expatri,expecetd,expect,expedit,expenditur,expens,expensis,experi,experienc,expert,expertis,expir,explain,explan,explicit,explicitli,exploit,explor,exploratori,explos,export,exposur,express,extend,extens,extent,extern,extinquish,extra,extract,extraodinari,extraordinari,extraordinrari,extrapol,extrem,exxon,fabric,face,facil,fact,faction,facto,factor,factori,fad,fadhil,fahd,fail,failur,fair,fairchild,fairli,faith,faithfulli,fall,fallen,falmouth,fals,fam,famili,famou,fan,fare,farm,farmer,fashion,fast,faster,fastest,fat,fatal,fate,father,fault,favor,favorit,favour,fcr,fda,fear,feasibl,featur,feb,febc,febr,februari,fed,feder,fee,feed,feeder,feedstock,feel,feet,feinberg,feiter,fell,fellow,felt,fenc,fendt,fenner,fereidun,fernando,ferro,ferrou,fertil,fertilis,fesharaki,fetch,fewer,ffkz,fga,fgrp,fhr,fibr,fichtel,fidel,fiduciari,field,fight,fighter,figur,file,fill,film,filter,fin,fina,final,finalis,financ,financi,financier,find,fine,finest,finger,finish,finland,finnish,fire,fireplac,firm,firmer,firmli,firstcorp,fiscal,fish,fisher,fisheri,fisn,fison,fist,fit,fitzgerald,fitzwat,fix,fla,flank,flare,flashpoint,flat,flaw,fledg,fledgl,fleet,fleme,flew,flex,flexibl,fli,flight,flink,float,floor,florida,florio,flow,fluctuat,flung,fmc,fmr,fnma,fo,fob,focu,focus,foe,fold,follow,fom,food,foodstuff,foolish,foot,foothold,footwear,for,forai,forbid,forc,ford,forecast,forego,foreign,foremost,foresaw,forese,foreseen,form,forma,formal,forman,format,formula,forstal,fort,forthcom,fortun,forum,forvaltn,forward,fossen,foster,fought,foulk,found,foundat,founder,fountain,fourth,fraction,frame,framework,fran,franc,francais,franchis,francico,francisco,franciso,franco,francoi,frank,frankfurt,franklin,franz,fraud,frederik,free,freedman,freedom,freeli,freer,freez,freight,french,frenzel,frenzi,frequenc,frequent,fresh,friction,fridai,friedburg,friedrich,friend,friendli,friendship,frighten,fring,frion,frm,frolov,front,frontier,froze,frozen,fruit,frustrat,fsb,fsbf,fsfa,fsi,fso,ftc,fte,fuel,fuell,fujitsu,fukushima,fulfil,full,fulli,fumbl,func,fund,fundament,funnel,furnac,furnitur,futur,ga,gabl,gabon,gabones,gain,galaxi,gallon,galo,game,gamut,ganaveh,gap,gape,garcia,garden,gareth,gari,garment,garron,gasolin,gaspar,gat,gather,gatt,gave,gcc,gear,gel,gelco,gener,general,generalis,genet,geneva,genuin,geographi,geolog,geophys,georg,georgia,gephardt,german,germani,geronimu,gestion,gestur,get,getti,gfc,gholamreza,giant,gibb,gibraltar,gic,gigant,gil,gill,girozentral,give,glad,glami,glass,glen,glgvf,global,gloeilampenfabriek,glut,glw,gmhc,gmt,gnp,gnt,goal,gobert,goc,gold,golden,goldendal,goldfield,goldi,goldman,goldom,goldsmith,good,goodwil,goodyear,gorbachev,gordon,gosagroprom,gothenburg,gotoda,gottesman,gout,gover,govern,government,governor,govt,grace,grade,gradin,gradovil,gradual,graf,grain,grandmarai,grangemouth,grant,graphic,grate,grave,graven,graviti,gre,greas,great,greater,greatest,greatli,greec,greed,greek,green,greenhous,greenshield,greenwood,greet,grei,grenfel,grew,grisanti,groceri,gross,grossli,ground,groundwork,group,grow,grown,growth,grrl,grx,gsp,gsw,gta,gti,gtx,guag,guarante,guaranti,guard,guardian,guasar,guayaquil,guerard,guerrilla,guidanc,guidelin,guido,guilder,guilermno,guillaum,guillermo,guin,guinea,guinean,gulf,gulfex,guzman,gwf,haber,had,hagu,hai,hail,hair,hajim,hal,halcyon,half,halifax,hall,halliburton,halt,haltenbanken,halv,halvorsen,hambro,hammer,hamper,hamza,han,hand,handel,handi,handl,hang,hank,hanov,hanson,happen,happi,harbor,harbour,hard,harden,harder,hardest,hardjoko,hardship,hardwar,harlei,harlow,harm,harman,harmoni,harold,harper,harrass,harri,harrington,harsh,hart,hartford,haruo,harvard,hasn,hasti,hata,hatakeyama,haul,hava,haven,havew,hawaii,hay,hazard,hazleton,hdi,head,headi,headlin,headquart,health,healthcar,healthi,healthvest,hear,heard,heart,heat,heavi,heavier,heavili,hector,hedg,heed,hefti,height,heighten,heinl,heinz,heir,held,helicopt,heller,helmut,help,hemispher,henceforth,hendersonvil,henri,her,herbal,herbicid,herebi,herman,hernandez,herrington,hesit,hess,hibernia,hidden,hide,high,higher,highest,highli,highlight,hii,hike,hill,hilton,hinder,hint,hire,hirsch,hisham,hispanoil,histori,hit,hitachi,hkeh,hlc,hnh,hnz,hoechst,hoenman,hoffman,hold,holder,holderson,holidai,hollywood,holm,home,homeland,homeless,honda,hong,hongkong,honolulu,honor,honour,hook,hope,hord,horizon,horticultur,hosieri,hosni,hospit,host,hostetl,hostil,hot,hotel,hour,hous,household,houston,howard,howden,hpu,hr,hrok,hrsi,hsa,hua,hub,huge,hugh,hugo,hum,human,humana,humanist,hunch,hundr,hungari,hunger,hunt,hunter,huntington,hurdl,hurriyet,hurt,hurtado,huski,hussein,hut,hutchin,hutchison,hutton,hvt,hwhh,hyd,hydraul,hydro,hydrocarbon,hydrocrack,hydron,hyo,hyperuricemia,hypothesi,hypothet,iagifu,ian,ibm,ibrd,ic,icahn,icc,icg,ida,idaho,idb,idbx,idcc,idea,ideal,ident,identifi,idl,idli,idrocarburi,idsal,iea,if,igl,ignor,ihirf,iii,iit,ik,il1ua,ill,illeg,illiber,illinoi,illus,illusori,illustr,imag,imagin,imbal,imec,imf,immedi,immens,immor,immun,immunolog,imo,impact,impair,impati,imped,impedi,imperi,impetu,implement,impli,implic,import,impos,imposit,imposs,imprison,improv,imput,imsi,imtc,imtec,in,ina,inabiliuti,inabl,inaccur,inact,inadequ,inadqu,inapplic,inappropri,inb,inc,incent,inch,incid,incipi,inclin,includ,inclus,incom,incompat,incomplet,incorpor,incorrectli,increas,increasingli,incur,indebt,indebted,indefinit,indefinti,indent,indeped,independ,index,india,indian,indiana,indic,indid,indirect,indirectli,individu,indonesia,indonesian,induc,industori,industri,industrialis,industrialist,industru,ineffect,ineffici,inequ,inevit,inexpens,inf,infant,infight,inflat,inflow,influenc,influenti,inform,infrastructur,infus,infusaid,ingal,ingenu,ingolstadt,ingredi,ingvar,inher,inherit,inhibit,initi,initial,initit,inject,injunct,injur,injuri,inland,inn,inoc,inquiri,inroad,inseper,insid,insignific,insist,insititut,inspect,inspir,instal,instanc,instil,institut,instruct,instrument,insuffici,insur,insurmount,int,intang,intec,integr,intek,intellectu,intellig,intend,intenr,intens,intensifi,intent,inter,interagra,interbank,interchang,interen,interesdt,interest,interfer,interfuel,interim,interior,intermed,intermedi,intermin,intern,internation,internchang,interpret,interprovinci,interst,interven,intervent,interview,intest,intk,into,intraocular,introduc,introduct,inudstri,inventori,invest,investcorp,investig,investor,invit,invoic,invok,involv,ionic,iran,iranian,iraq,iraqi,irish,irna,iron,irrat,irrit,irvin,irwin,isab,isam,isbj,islam,island,isol,israel,issam,issu,issuanc,isthmu,itali,italia,italian,italiana,itc,itel,item,itm,itsu,itt,itx,ivaco,ivan,iwth,j1u,jabbar,jabob,jack,jacob,jacobi,jacobson,jaguar,jai,jaim,jakarta,jamaica,jame,jan,januari,janusz,japan,japanes,jardin,java,javier,jawbon,jcb,jean,jec,jefferi,jefferson,jeffrei,jenkin,jenrett,jeopard,jeopardi,jerom,jersei,jeumont,jewel,jim,joaquin,job,joe,jofre,john,johnson,join,joint,jointli,jolla,jone,jopl,jordan,jorg,jose,josef,joseph,journal,journalist,jpn,juan,jubail,judg,judgement,judgment,judi,juha,juic,jukardi,juli,julian,jumardi,jump,june,jungl,junk,jurisdict,juster,justic,justif,justifi,jute,jwc,jwt,kacek,kaczurba,kadoori,kahn,kai,kaiser,kalamazoo,kansa,kansai,kapok,kapsi,kaputin,kasier,kasl,kasler,kaya,kebo,keboo,keen,keep,keg,kei,keidanren,keller,kelvin,kenca,kenneth,kentucki,kenya,kerir,kern,kerridg,khadeir,khail,khalifa,kharg,khatib,kick,kid,kidder,kill,kilobit,kilomet,kilometr,kim,kina,kind,king,kingdom,kingstown,kirkland,kirkuk,kistler,kit,kittiwak,kji,klm,knickerbock,knight,knmc,knock,knotti,know,knowledg,knutson,koba,kodak,kohl,kokan,kong,koppaberg,korea,korean,koss,kpk,krapel,kremlin,ktii,kuranari,kurlack,kuroda,kuroski,kuwait,kuwaiti,kyodo,l4,label,labor,laboratori,labour,lace,laci,lack,ladenburg,lag,lago,lai,laid,laioh,lake,lamb,lambert,lamin,lana,land,landslid,lane,languag,languish,laport,lara,larg,larger,largest,laroch,larri,larsen,laser,lash,lasmo,lasr,last,lastli,late,later,latest,latin,lau,launch,laurentian,laval,lavera,lavoro,law,lawmak,lawn,lawson,lawsuit,layoff,lazaro,lazier,lbo,lce,ldbrinkman,ldp,lead,leader,leadership,leagu,leahi,leas,leaseback,leasehold,leather,leav,lebanes,lebanon,led,lee,leewai,left,leftist,leg,legal,legendari,legisl,legitim,lehman,lend,lender,length,lengthi,lent,leon,leopold,leroi,lessen,lesser,lesson,lessor,let,letter,leucadia,level,lever,leverag,levesqu,levi,levin,lewi,lft,li,liabil,liabilit,liang,liber,liberalis,liberti,libya,libyan,licenc,licens,license,lichtenberg,lie,lieb,liebert,life,lifetim,lift,lifter,ligero,light,lightli,lightweight,like,likelihood,likewis,limbo,limit,limon,limp,lincoln,line,link,lipper,lipton,liquefi,liquid,liquifi,lire,list,listen,liter,litig,litter,liu,live,lkb,lloyd,lnc,lo,load,loan,lobbi,local,locat,logic,london,lone,long,longer,longshot,longstand,look,loom,loophol,lopsid,lose,loss,lost,lot,lotoquik,lotteri,lotu,loui,louisiana,love,low,lower,lowest,loyn,lpg,lsb,ltlp,lubric,lucki,lucr,ludicr,ludolf,lufeng,lufkin,lugano,lui,luk,lukman,lull,lumber,lump,lunch,luncheon,lundai,lundberg,lusinchi,luxembourg,luyten,ly,lynch,lyng,machin,machineri,maciej,mackenzi,macmillan,macroeconom,madagascar,made,maekawa,magangu,magazin,magellan,magnat,magnitud,mail,main,mainstai,maintain,mainten,majeur,major,makd,make,maker,makoto,malacarn,malaysia,malaysian,malcolm,mallei,malmgreen,mamman,man,mana,manag,mandat,mandatori,manhattan,mania,manipul,mann,manner,mannesmann,manpow,mantelet,manufactur,mar,maracaibo,marathon,marc,marcel,march,marckraq,marco,margaret,margarin,margin,margosh,marin,marion,mark,markei,marker,market,marketplac,markka,marlin,marrel,marriott,marshal,mart,martial,martin,maryland,masaharu,masaji,masashi,maslen,mason,masontown,mass,massachusett,massiv,master,match,matchmak,materi,mathew,matra,matrix,matsui,matsunaga,matsushita,matt,matter,mattson,matur,maxim,maximum,maya,mayf,mayfair,mayor,mcc,mccain,mccall,mcclure,mcd,mcdermott,mcdonald,mcdonnel,mcdp,mcf,mcfadden,mcivor,mckiernan,mckinlei,mcmillan,mcmurrai,mcry,mcv,mdr,mean,meaning,meaningless,meant,meanwhil,mear,measur,measurex,mechan,mechanisim,med,medco,mede,media,mediat,medic,medicin,mediterranean,medium,mee,meet,megabit,melbourn,melcher,mellili,melvil,member,membership,memorandum,memori,memotec,mention,mer,mercal,mercantil,mercer,merchandis,merchant,mercuri,merg,merger,meridian,merit,merril,mesa,messag,messeng,met,metal,metallurg,meter,metermast,method,meto,metr,metric,metropolitan,mexican,mexicano,mexico,mf,mfm,mfn,mftn,mh,mhc,miami,michael,michel,michigan,micro,microbio,microbiolog,microchip,micrograph,micron,microprocessor,mid,midafternoon,middai,middl,mideast,midi,midland,midnight,midwest,miet,mike,mikhail,milan,mile,milex,militari,milk,mill,miller,million,mind,mine,mineo,miner,ming,minim,minimis,minimum,minist,ministeri,ministri,minn,minneapoli,minneosta,minnesota,minor,minoru,minsit,minsitri,minstar,minu,minut,miraflor,mirror,misguid,mislead,misplac,miss,missil,mission,mississippi,missouri,mistak,misunderstand,mitchel,miti,mitig,mitsubishi,mitsuru,mix,mizrahi,mlc,mln,mlotok,mmft,mmi,mmtc,mmwg,mnd,mnst,mob,mobil,mock,moder,modern,modernis,modest,modestli,modifi,moer,moham,moin,mold,mollifi,moment,momentum,mondai,monei,monetari,moneylin,monfort,mongstad,moni,monitor,monkei,monopoli,monson,mont,montana,montano,montedison,month,monthli,montreal,mood,moor,moral,moratorium,morbelli,morgan,morn,morocco,morondava,mors,mortgag,morton,moscow,mosl,mosti,mot,motion,motiv,motor,motorola,moulinex,mount,mountain,moup,moussa,moussavar,mouth,move,movement,movi,mp,mr,mrc,mrdn,msc,mth,mthly,mubarak,mud,mull,mulronei,multi,multilater,multimillion,multin,multipl,multitud,mun,muncip,munger,munich,municip,munsingwear,muo,murakhovski,muraoka,murata,murphi,murrai,murtha,muscl,musk,muskoge,mustapha,mutual,myer,nabi,nahayan,nail,nakason,name,namg,namibia,nan,nanci,nanticok,naphtha,napo,nar,narrow,narrowli,narvaez,nasdaq,nassau,natchez,nation,national,nationalis,natur,naval,nazer,nazional,nazir,nazmi,nbio,ncnb,ncso,near,nearbi,nearer,nebul,nec,necessarili,neco,need,needham,neg,negat,neglect,negot,negoti,negotit,neighbor,neighbour,nemour,neoi,nerio,nervou,nervous,nesi,nesp,nest,nestl,net,netback,netherland,network,neutral,nevada,never,nevertheless,new,newark,newest,newfoundland,newhal,newli,newport,newslett,newspap,newsprint,neyra,nfsi,ngl,nhy,niall,nic,nicaragua,nice,nichol,nick,nickl,nielsen,nigel,nigeria,nigerian,night,nikolai,nil,nimock,nioc,nipn,nippon,nitrogen,nkkt,nobel,nobl,noboru,nobuo,noir,nolex,nomin,nomine,noncash,norbec,norcen,norfolk,norg,normal,norman,norrel,norsk,nort,north,northeast,northeastern,northermost,northern,northstar,northwest,norton,norwai,norwegian,nosed,not,notabl,note,noth,notic,notif,notifi,notion,nov,nova,novebm,novemb,nowak,nowruz,npeeq,npt,nra,nrt,nsc,ntt,nuclear,nueva,nugent,nugget,number,numer,nurseri,nusourc,nutrit,nutur,nymex,nyse,oakleaf,oaklei,oapec,object,oblig,oblit,obod,observ,obstacl,obstruct,obtain,obviou,occas,occident,occupi,occur,occurr,ocean,oct,octob,octoer,odd,oecd,of,off,offer,offic,offici,offset,offshoot,offshor,ohio,ohta,oil,oilfi,oilfield,oilman,oilpatch,okai,oki,okla,oklahoma,oldest,olieselskab,oljeselskap,olympia,omaha,oman,omcm,omin,omit,omni,omnibu,omnicom,onc,onex,ongo,onshor,ontario,op,opec,opecna,open,oper,operatorship,opert,opinion,oppenheim,opportun,oppos,opposit,optim,optimist,option,or,orang,order,orderli,ordin,ordinari,oregon,organ,organia,organis,orgin,orient,origin,orkin,osaka,osamu,osprei,osr,osrc,otain,oteiba,ottawa,ouput,our,ourai,ourselv,oust,outboard,outcom,outer,outfox,outlai,outlet,outlin,outlook,output,outrag,outsiz,outstand,outweigh,overcapac,overcom,overdu,overestim,overhang,overhaul,overli,overnight,overpr,overproduct,overral,overreact,overrid,overse,oversea,overshoot,oversight,oversold,overwhelm,overwhelmingli,ovest,ow,owen,own,owner,ownership,oxen,oxi,oxygen,ozark,pablo,pace,pacif,pack,packag,pact,pad,padovan,paemen,page,pai,paid,pain,painewebb,paint,pakistan,palac,palestinian,palla,palm,pan,pancanadian,panel,panic,pansoph,pant,pantasot,pantera,pantri,pap,paper,papua,papuan,par,paragraph,paraguai,paralys,parcel,pare,parent,parex,pari,pariba,parini,parish,parit,pariti,park,parliament,parliamentari,parliamentarian,parnter,parra,parsow,part,parti,partial,particip,particulari,partli,partner,partnership,pass,passag,passeng,passion,past,pasta,pasteur,pat,patch,patent,path,patient,patricio,patrick,pattern,paul,pave,pay,payabl,paybl,payment,payout,payrol,pazzionotto,pbt,pcc,pciac,pco,pct,pdm,pdo,pdvsa,peabodi,peac,peak,peanut,pearl,pearson,peat,pechinei,peck,peckford,peerless,peev,peg,peke,pemex,penal,penalis,penalti,penc,pend,penetr,peninsula,penn,penril,pensacola,penser,pension,peop,peopl,pep,per,perceiv,percentag,percept,percon,perez,perfectli,perfor,perform,perhap,period,perkin,permament,perman,permian,permiss,permit,perri,perrin,persaud,persian,persist,person,personnel,perspect,persuad,persuas,pertain,pertamina,perth,peru,peruvian,pesch,peseta,peso,pessim,pessimist,pesticid,pet,petb,pete,peter,peterson,petit,petrleum,petro,petrobra,petrocanada,petrochem,petrofina,petrol,petroleo,petrolera,petroleum,petrolit,petroluem,petrona,pette,pglo,pgrt,phab,pharmaceut,pharmacia,phase,phcc,phenomenon,phi,phil,philadelphia,philip,philippin,phillip,phoenix,phrase,phylli,physic,physician,physik,pick,picken,pickup,pictur,pie,piec,piedmont,pierc,pierr,pile,pill,pillsburi,pilot,pioneer,pipe,pipelin,pipellin,piraci,pirat,pit,pitman,pitt,pittston,pittwai,piw,pizza,pkn,place,placement,plai,plaid,plain,plan,plane,planner,plant,plastic,plate,plateau,platform,platinum,player,plaza,plc,plea,pleas,pledg,plenti,plexman,plight,plit,pln,plough,plow,plung,pmsc,pn,pnf,png,pnl,pnt,pocket,poct,poepl,pofit,point,poison,poland,pole,polic,polici,policymak,polish,polit,politician,poll,pollock,pom,pompano,pond,pont,pool,poor,poorer,poorest,popul,popular,popularis,porex,porfolio,port,portfolio,portion,portland,portug,porx,pose,posit,possbil,possibil,possibl,post,postech,postit,postpon,postwar,potash,potenti,potomac,poulenc,pound,pour,poverti,powder,power,powerin,practic,prairi,prais,pratt,praug,prawiro,pre,precambrian,preced,preceed,precipit,precis,preclud,predat,predatori,predecessor,predict,prefer,preferenti,prei,prejudic,preliminari,prematur,premdor,premier,premium,prepar,preparatori,prerequisit,prescott,prescrib,presenc,present,preserv,presid,presidenti,press,pressur,prestig,pretax,pretti,prevail,prevent,previou,previous,price,primari,primarili,prime,princ,princip,principl,print,printer,priolo,prior,prioriti,privat,privatis,prive,privileg,prncipl,pro,probabl,probe,prober,problem,proce,procedur,proceed,process,processi,processor,procur,produc,product,produkt,produt,profession,professor,profil,profit,proforma,program,programm,progress,prohibit,project,promexpo,promin,promis,promissori,promot,prompt,promptli,prong,pronounc,proof,propens,proper,properti,propon,proport,proportion,propos,propuc,prorat,prospect,prospectu,prosper,protect,protection,protectionist,protein,protest,protocol,prove,provid,providentia,provinc,provinci,provis,provision,provoc,provok,proxi,proxmir,prspect,prt,prudenti,prudho,pry,psa,pson,psy,pty,public,publicli,publish,puchas,puerto,pull,pulp,puma,pump,punch,punit,punt,punta,purchas,pure,purol,purpos,pursu,pursuant,purus,push,put,puzzl,pwj,pwm,pye,pza,qaba,qassem,qatar,qintex,qtlry,qtly,qtr,qtrly,quak,qualifi,qualiti,quantit,quantiti,quarter,quarterli,quasijudici,queri,question,questionnair,quevedo,quick,quickli,quiet,quietli,quirico,quit,quito,quot,quota,qustion,ra,rachman,rack,raco,radiat,radio,radiu,rafael,raferti,raffinag,rah,rahim,rahmani,rai,raid,raider,rail,railroad,railwai,rain,rainbow,rais,ralli,ram,ramli,ramnath,ramon,ramsden,ran,randol,random,rang,rank,rap,rapid,rapidli,rare,rash,rate,ratif,ratifi,ratio,ration,rational,rationalis,ratsimandresi,rattl,raut,raw,raymond,raytech,rbsn,rdr,rea,reaan,reach,react,reaction,read,readdress,readi,readili,readjust,reaffirm,reagan,real,realign,realis,realism,realist,realiti,realiz,realloc,realmerica,realti,rearrang,reason,reassess,reassur,rebel,rebound,rebuf,rebuild,rebutt,recalcitr,recapit,receipt,receiv,recent,recess,rechannel,recipi,reciproc,reckless,reclaim,reclam,recogn,recognis,recognit,recommend,reconfirm,reconsid,reconsider,reconstruct,reconven,record,recov,recover,recoveri,recur,recurr,red,redec,redeem,redefinit,redempt,redeploi,redevelop,redic,redirect,redoubl,redress,redston,reduc,reduct,ree1uisit,reed,reesent,reevalu,refer,refin,refinanc,refineri,reflect,reform,refractori,refrain,refug,refund,refus,regain,regal,regard,regim,region,regist,registr,rego,regret,regrett,regul,regular,regularli,regulatori,rei,reid,reign,reilli,reimburs,reimpel,reinforc,reinstat,reinvest,reit,reiter,reject,rel,relat,relationship,relax,releas,releat,reli,relianc,relief,reliev,reluct,reluctantli,remain,remaind,remark,remarket,remedi,remit,remodel,remot,remov,renam,renato,render,rene,reneg,renegoti,renew,renouf,rent,rental,reopen,reorgan,reorganis,rep,repai,repaid,repair,repay,repeal,repeat,repeatedli,reph,replac,repli,report,repres,represent,republ,republican,repurchas,reput,request,requir,reschedul,research,resembl,reserv,reservoir,reshap,reshuffl,resid,residenti,residu,resign,resist,resold,resolut,resolv,resort,resourc,resourec,respect,respond,respons,responsibilit,responsibl,respres,rest,restart,restat,restaur,restor,restrain,restraint,restrict,restruct,restructur,restructurin,resturctur,result,resum,retail,retain,retali,retaliatori,retir,retreat,retriev,retroact,return,reut,reuter,rev,revalu,reveal,revel,reven,reventador,revenu,reverber,revers,review,revis,revit,revitalis,revok,revolut,rex,rexcom,rexnard,rexnord,reynold,rgl,rha,rhetor,rhone,rias,rica,rice,rich,richard,richest,richfield,rico,rid,ridden,riddl,ridicul,riedel,rig,righ,right,rilwanu,rinaldo,ring,rini,rio,rip,rise,risen,risk,riski,rival,river,riyadh,riyal,rmj,roach,road,rob,robert,roberto,robertson,robeson,robust,roch,rock,rocket,rocki,roderick,rodino,roel,roi,rol,roland,role,rollback,rollin,romania,rome,ronald,roof,room,ropak,ropk,rosario,rose,rosemari,rosenberg,rosewood,rospatch,rosptach,ross,rossignol,rostenkowski,rotan,rotari,rotat,rothschild,rotterdam,roubl,rough,roughli,round,rout,routin,row,roxi,royal,royalti,rpch,rrco,rrt,rubber,rubbl,rubio,ruiz,rule,ruler,rumor,rumour,run,rupe,rupiah,ruptur,ruputur,rush,russelsteel,russian,rxsc,ryan,ryavec,ryder,ryohei,ryzhkov,saatchi,saba,sabah,sach,sachi,sacrific,sadat,saddam,saf,safeguard,safer,safeti,safewai,sag,saga,sago,sagp,sahara,sahr,saito,sake,salado,salah,salari,sale,saleabl,salem,salim,salina,salmon,salomon,salt,salvag,samaila,sampl,samsung,samudio,samuel,san,sanction,sand,sandi,sanford,santa,santana,santand,santo,sar,sara,sarnei,saskatchewan,sassan,sat,satellit,satisfactori,satisfactorili,satisfi,satoshi,saturdai,saudi,saudia,save,saviour,sbp,scale,scandal,scarc,schedul,scheme,schipol,schlang,schlumberg,schneider,schultz,schwartz,schwatz,scienc,scientif,scope,scotia,scotian,scotland,scotsdal,scott,scottish,scovil,scrap,scream,screen,scurri,sdc,sea,seab,seamen,search,season,seat,seattl,seawai,sec,secertari,second,secondari,secondli,secret,secretari,secretariat,section,sector,secur,securti,sedi,sedimentari,sedio,see,seec,seek,seeker,segment,seibel,seismic,seismologist,select,sell,seller,selm,semi,semiannu,semiconduct,semiconductor,seminar,sen,senat,send,sendai,seneg,senior,sens,sensibl,sensit,sentenc,sentiment,seoul,separ,sepemb,seper,sept,septemb,seputro,sergei,seri,serv,servant,servic,servicemast,sesam,session,set,setback,settl,settlement,seventh,sever,sevic,sewer,sh,shad,shade,shaer,shaken,shakeup,shale,shamrock,shanghai,shanker,shape,share,sharehold,sharesd,sharp,sharpli,sharq,shatter,shc,shearon,shearson,sheet,sheikh,shelf,shell,shenzhen,shi,shibiao,shield,shieldalloi,shien,shift,shigeru,shine,shing,ship,shiplei,shipment,shiratori,shiv,shiviyacu,shlh,shock,shoe,shoichi,shoji,shook,shoot,shop,shopp,shore,shorelin,short,shortag,shorten,shorter,shortfal,shortli,shot,shoulder,show,showdown,shown,shp,shr,shrink,shrortli,shrug,shuffl,shultz,shut,shutdown,shv,sia,side,sidelin,sider,sidetrack,sidro,sieg,siemen,siever,siggi,sight,sigi,sigler,sign,signal,signific,significantli,silent,silver,similar,simmon,simon,simpl,simpli,simplifi,sinc,sincer,singapor,singer,singl,sink,siphon,sir,siracusa,siregar,sister,sit,site,situat,situatin,six,sixth,size,sizeabl,skanska,skb,skeptic,skf,skfr,ski,skii,skill,skp,slack,slacken,slap,slash,slate,slb,slc,sle,sleep,slice,slide,slifka,slight,slightli,slim,slip,slope,slow,slowdown,slower,slowli,sluggish,slump,sm,small,smaller,smart,smb,smelt,smelter,smith,smoerbukk,smoke,smooth,smoulder,smsi,snag,snap,sneak,snith,snl,snyder,soar,social,socialist,societ,societa,societi,soft,soften,softwar,softwood,sogecr,sogen,sold,solicit,solid,solidar,solut,solv,somewhat,sommer,somth,son,sooth,sophist,sore,sort,sought,sound,soundli,sour,sourc,south,southeast,southeastern,southern,southland,southwest,southwestern,sovereign,sovereignti,soviet,spa,space,spain,spanish,spare,spark,spc,speak,speaker,special,specialis,specialist,specialti,specif,spectr,specul,speech,speed,speedi,spell,spend,spent,spice,spill,spillman,spin,spinnoff,spinoff,spirit,spite,split,spoil,spoke,spoken,spokesman,spokesmen,spokeswoman,sponsor,sponsorship,spot,spotlight,spr,sprai,spread,sprigg,spring,springfield,sprinkel,spun,spur,squar,squeez,srb,srd,srv,ssbk,st4,stabil,stabilis,stabl,stablis,staf,staff,stage,stagnant,stai,stake,stamp,stanc,stand,standard,standpoint,standstil,stanlei,stant,stanwel,stapl,staqrt,star,stark,start,stat,state,statement,station,stationeri,statist,statment,statoil,statu,statutori,stauffer,staunch,stave,stb,stc,stcl,ste,steadi,steadili,steam,steel,steep,stein,steinfeld,stem,step,stephen,sterl,steve,steven,steward,stewart,stg,stgn,stick,stiff,stiffer,stifl,stimul,stimulu,stipul,sto,stock,stockbrok,stockhold,stockpil,stone,stood,stop,stopov,stoppag,stora,storag,store,stori,stow,straight,strain,strait,strang,strasbourg,strateg,strategi,strathcona,strb,stream,streamlin,street,strength,strengthen,stress,stretch,stricken,strict,stricter,strictli,stride,strident,strike,strip,stripper,strive,strober,strohmaier,strong,stronger,strongli,struck,structur,struggl,stuck,studi,studio,stumbl,stupid,style,sub,subcommitte,subhi,subisdi,subject,submers,submiss,submit,subordin,subroto,subscrib,subscript,subsea,subsequ,subsid,subsidi,subsidiari,subsidis,substanc,substanti,substitut,subsystem,subtl,subvers,succe,succeed,succesful,success,successfulli,successor,such,sudan,sudanes,sudden,sue,suez,suffer,suffici,suffield,sugar,sugarman,suggest,suharto,suicid,suit,suitabl,suitor,suleiman,sulphur,sulphuris,sultan,sum,sume,sumita,summer,summit,summon,sumner,sun,sundai,sunk,supd,super,superannu,supercomput,superintend,superior,supermac,supermarket,superoxid,superpow,suport,supplement,suppli,supplier,support,suppos,suppress,supradur,suprem,suprlu,sur,surcharg,surf,surfac,surg,surplu,surplus,surpris,surround,survei,surveil,surviv,suspect,suspend,suspens,sustain,svm,swann,swap,swarup,sweden,swedish,sweenei,sweep,sweet,sweeten,swell,swift,swing,swirl,swiss,switch,switzerland,swk,sword,sydnei,symbol,sympathet,syndic,syndrom,syne,synfuel,syntech,synthet,syst,system,systemat,tab,tabak,tabl,tableland,tacit,tackl,tactic,tadashi,tag,taggart,tailor,tailspin,taipei,taiwan,taiwanes,taka,take,takeeov,takeov,taker,tale,talk,tamura,tandem,tandi,tangibl,tangl,tank,tanker,tantamount,tanurah,tap,tape,taper,tapi,taqi,tar,target,tariff,tarrif,task,tate,taught,taupo,tax,taxat,taxpay,taxwrit,taylor,tch,tcrd,tea,teach,team,teamster,teapa,tech,techamerica,techic,technic,techniqu,technisch,technolgi,technolog,ted,teeth,tehran,telcom,telecom,telecommun,telecredit,telegraph,telephon,telephoniqu,televis,televison,telex,tell,temper,temporari,temporarili,temptat,ten,tend,tendenc,tender,tenn,tenneco,tenni,tension,tent,tenth,tenti,teran,terenc,term,termin,terra,terrenc,terribl,territori,terror,terrorist,tertiari,tesitifi,test,testifi,testimoni,tet,tex,texa,texaco,texon,text,textil,tgt,thagard,thailand,thalmann,thani,that,thatcher,thdr,theater,theoret,therapi,thereaft,therebi,thi,thick,thin,thing,thinh,think,third,thirdli,thoma,thorni,thought,thousand,thrash,thre,threat,threaten,threshhold,thrift,throughput,throw,thrown,thrust,thunand,thursdai,thwart,ti,tic,ticket,tide,tidier,tiger,tight,tighten,tighter,tihamah,tillag,tilnei,tilt,timber,time,timet,timothi,tin,tiom,tire,tissu,titl,tito,tka,tlc,tlci,tmed,tmk,tne,tnz,tobacco,tobago,todai,togeth,toho,toi,tokyo,tol,told,toler,toll,tom,tomato,tommorrow,tomorrow,ton,tone,toni,tonight,tonka,tonn,toog,tool,top,topic,toppl,torchmark,toronto,torpedo,torranc,toshiba,toshin,toss,total,touch,tough,toughen,tougher,tour,tourist,tow,tower,town,toxic,tpn,trace,track,tract,tradit,tradition,traffic,tragedi,tragic,train,tran,transact,transamerica,transfer,transferr,transform,transit,translat,transmiss,transpir,transplant,transpond,transport,transworld,tranzon,trap,trariff,trauma,travel,tre,treasur,treasuri,treat,treati,treatment,tree,trelleborg,tremend,tremor,trend,tretvol,triad,trial,tricentrol,trico,trigger,trillium,trim,trimedyn,trinidad,trip,tripl,triplett,tripoli,triton,triumph,tro,trojan,troll,tron,troop,tropic,troubl,trough,trout,trsc,truck,true,truk,trust,trustco,truste,trydahl,tsba,tsomu,ttx,tucker,tucson,tucsonm,tue,tuesdai,tultex,tumaco,tune,tunisia,turben,turbul,turkei,turkish,turmoil,turn,turnabout,turnaround,turnov,tvt,tvx,twa,tweedel,twelfth,twice,twin,two,txc,txon,tycoon,tylan,tyln,type,tyre,uac,uae,uchida,ucl,ucu,ui,ultim,ultramar,umar,unabl,unaccept,unadjust,unaffect,unanim,unattract,unavail,unbalanc,unbc,uncertain,uncertainti,uncf,unchang,uncheck,unclear,uncommonli,und,undamag,undercut,underestim,undergo,underground,underli,underlin,undermin,underperform,underpin,underpr,underproduc,undersecretari,understand,understood,undertak,undertaken,undertook,underutilis,undervalu,underwai,underwood,underwrit,underwritten,undetermin,undevelop,undisclos,undiscov,undoubtedli,uneconom,unemploy,unexpect,unexplor,unfair,unfairli,unfavor,unfortun,unfound,unhappi,uni,unicorp,unidentifi,unih,unilater,unilev,union,unionist,uniqu,unisi,unissu,unit,unitel,unithold,uniti,univer,univers,unlead,unlik,unnam,unnecessari,unoc,unp,unpopular,unprocess,unprofit,unpunish,unreal,unrealis,unreason,unregul,unrel,unresolv,unsatisfactori,unsecur,unsel,unsettl,unsolicit,unspecifi,unsuccess,unsuccessfulli,unsur,untest,unti,unusu,unv,unveil,unviabl,unwil,unwilling,up,upco,upcom,upgrad,upham,uphold,uplift,upper,upri,upset,upsurg,upturn,upward,upwardli,ural,urbana,urg,urgenc,urgent,uric,uricas,uruc,uruguai,us,usa,usag,usair,usda,user,usher,ussr,usx,utah,util,utilicorp,utilis,utmost,uvald,vacant,vaccin,validli,vallei,valu,valuabl,valuat,van,vanguard,var,vari,variabl,varian,variat,varieti,vast,vat,veget,vehicl,velasco,venezuela,venezuelan,venic,ventana,ventur,verg,verifi,versatil,version,versu,vessel,veto,viabil,viabl,viacom,vice,vicin,vicon,victor,victoria,vide,video,videotron,vienna,vienot,view,violat,violent,virginia,virtual,visa,visbreak,vishnu,visibl,visit,visnew,vist,vista,vital,vitamin,vlcc,vm,voic,volatil,volcano,volcker,volum,voluntari,voluntarili,volv,volvo,von,vote,vow,vsevolod,vulner,vy,wachenheim,wae,waf,wage,wai,wainco,wait,waiv,waiver,wake,wako,walk,wall,wallac,wallaceburg,wallco,wallcov,wallenberg,walli,walter,wam,wane,wang,want,war,ward,warehous,warfar,warmer,warn,warner,warplan,warrant,warranti,warren,warrington,wartenberg,warwick,waseda,wash,washington,wasn,wast,watanab,watch,watchword,water,wattari,wave,wavehil,wayn,wc,wca,wci,wco,weak,weaken,weaker,weakest,wealth,wealthi,weapon,weaponri,weari,weather,webber,wedd,wedg,wednesdai,week,weekend,weekli,weigh,weight,weill,welcom,well,wellemey,wellhead,wellington,welsh,wendt,werner,west,western,weston,whack,whale,whampoa,wheat,wheel,whenev,whether,whichev,whip,whippl,white,whitehal,whittak,whittar,wholesal,wholli,wht,wichita,wide,widen,wider,widerang,widespread,wil,wildcat,wilder,wildlif,wilf,wilfr,will,willcox,willi,william,willing,wilmington,wilshir,wilson,wilzig,wimi,win,wind,windfal,wine,winkl,winner,winter,wire,wireless,wirtschaftswoch,wise,wish,withdraw,withdrawn,withdrew,withdrfaw,withheld,witter,wkr,wladyslaw,wll,wluk,wmx,wnx,woc,woe,wol,wolf,wolff,won,wonder,wonnacott,wood,woodco,woodstock,woolworth,woon,woong,wopuld,word,wordwid,work,worker,workforc,world,worldwid,worri,wors,worsen,worst,worth,worthwhil,woven,wrap,wrather,wrench,wrest,wright,write,writedown,writeoff,written,wro,wrong,wrongli,wrought,wtc,wti,wyler,wyom,xon,xovr,yalim,yamaichi,yamamoto,yamani,yanbu,yanni,yard,yassin,yasuhiro,year,yearli,yellow,yen,yergin,yesterdai,yeterrai,yeutter,yield,york,you,your,youssri,yuear,yugoslav,yugoslavia,yugoslavian,yukio,yumurtalik,zaid,zaki,zama,zdzislaw,zealand,zhao,zhou,zier,zinc,ziyang,zoet,zone,zubedei,zubeidi,zulia,zurich