00mondai,aaa,aaai,aarhu,aaron,abandon,abbadi,abbrevi,abc,abdel,abdelsalam,abduct,abelson,abet,abhinav,abil,abiteboul,ablex,abort,aboulnaga,abound,abr,abraham,abram,abridg,abroad,absenc,absent,absolut,absorpt,abstract,abu,abus,ac,academ,academi,academia,acap,acceler,accent,accept,access,accid,accommod,accomod,accompani,accomplish,account,accru,accumul,accur,accuraci,accus,acf,acharya,achiev,achil,aci,acid,acklei,acknowledg,acl,aclu,acm,acoust,acpub,acquaint,acquir,acquisit,acrobat,acronym,act,acta,action,activ,activit,actor,actual,actuat,acycl,ad,ada,adam,adapt,adc,add,addendum,adder,addict,addison,addit,addition,addr,address,adept,adequ,adequaci,adher,adjac,adject,adjunct,adjust,adm,admin,administ,administr,administrivia,admir,admiralti,admiss,admit,adob,adopt,adress,adrian,adt,adult,adv,advanc,advantag,advent,adventur,adversari,advertis,advic,advis,advise,advisor,advisori,advoc,aegi,aerodynam,aeronaut,aerospac,aesthet,af,affair,affect,affili,affin,affirm,afford,afip,afosr,afraid,africa,african,afternoon,ag,agarw,agenc,agenda,agent,aggreg,aggress,agil,ago,agraw,agre,agreement,agricultur,agupta,aha,ahead,ahhh,ahm,aho,ai,aiaa,aid,aiken,aim,aip,air,aircraft,airlin,airplan,airport,aix,ajai,ajit,aka,akw,ala,alabama,alain,alamito,alamo,alan,alarm,alaska,albani,albert,alberta,alberto,album,albuquerqu,alec,alejandro,alert,alex,alexand,alexandr,alexandria,alexandro,alf,alfr,alg,algebra,algorithm,algorithmica,ali,alia,alias,alic,alien,align,alistair,aliv,allan,alleg,allegro,allen,allevi,allex,allianc,allison,alloc,allow,alma,almaden,alok,alon,alp,alpha,alphabet,alt,alta,altavista,alter,altern,alto,altogeth,alumni,alumnu,alvin,alvisi,am,amanda,amateur,amaz,ambigu,amd,amend,amer,america,american,amherst,ami,amir,amit,amo,amort,amount,amp,amr,amsterdam,amulet,amus,amza,anagram,anaheim,analog,analys,analysi,analyst,analyt,analyz,anand,anatomi,anchor,ancient,anda,andersen,anderson,andhra,andi,andrea,andrei,andrew,angel,angela,angl,angri,ani,anil,anim,animaniac,anl,ann,anna,annal,anneal,annex,anni,anniversari,annoi,annot,annouc,announc,annual,anonym,anoop,anounc,ansi,answer,ant,anteced,antenna,anthoni,anti,antialias,anticip,antoin,anton,antoni,antonio,anupam,anymor,anytim,aol,apach,apart,api,apl,apm,apolog,app,appalachian,appar,apparatu,appeal,appear,appel,appendix,appl,applet,appli,applic,appoint,appreci,apprentic,approach,appropri,approv,approxim,appt,apr,april,apt,arab,arbitrari,arbitrarili,arbor,arc,arcad,arcadia,arch,archetyp,archi,architect,architectur,architecur,archiv,area,aren,arena,argonn,argu,arguabl,argument,ari,arian,ariel,arijit,ariola,aris,aristotl,arithmet,arizona,ark,arkansa,arl,arlington,arm,armand,armi,armstrong,arnold,aron,arora,arpa,arrai,arrang,arriv,art,arthur,articl,articul,artif,artifact,artifici,artist,artwork,arun,arvind,asap,asarcar,asc,ascii,asgarian,asha,ashish,ashlei,ashok,ashraf,asi,asia,asian,ask,asm,aspect,aspir,asplo,assaf,assault,assembl,assert,assess,assig,assign,assist,assistantship,assit,assoc,associ,assort,asst,assum,assumpt,assur,astrachan,astrolog,astronaut,astronom,astronomi,astrophys,asymptot,asynchron,asynchroni,atallah,athen,athena,athlet,atkin,atkinson,atl,atla,atlant,atlanta,atm,atmospher,atom,att,attach,attack,attain,attempt,attend,attent,attitud,attract,attractor,attribut,audienc,audio,audit,auditor,auditori,auditorium,aug,augment,august,ausland,auspic,austin,australia,australian,austria,authent,author,auto,autom,automat,automata,automobil,automot,autonom,autonomi,autopilot,autumn,auv,auxiliari,av,avail,avalanch,avenu,averag,avi,aviat,avid,avion,aviv,avl,avoid,aw,await,awar,award,awerbuch,axi,axiom,axiomat,azer,babak,babbag,babi,babylon,bach,bachelor,back,backbon,backend,backgammon,background,backpropag,backtrack,backup,backward,backyard,bad,badland,badminton,badrinath,baer,bag,bai,bailei,bake,baker,balac,balanc,ball,ballard,balloon,ballroom,baltimor,band,bandit,bandwidth,banerje,banff,bangalor,bank,banner,bao,bar,barbara,barcelona,bare,barrel,barrett,barri,barrier,bart,bartlett,barto,barton,baruch,barwis,base,basebal,baselin,basement,basi,basic,basketbal,bass,basu,bat,batch,bate,batori,batteri,battl,bau,bayesian,bb,bbn,bboard,beach,beal,beam,bean,bear,beard,beast,beat,beauti,beaver,becker,beckman,bed,beep,beer,beethoven,began,begin,beginn,begun,behav,behavior,behaviour,beigel,beij,belew,belfast,belgium,belief,believ,bell,bellcor,belong,belov,belt,ben,benchmark,benefici,benefit,benjamin,bennett,benni,berg,bergen,berger,berkelei,berlin,berman,bernard,bernardino,bernd,berner,bernoulli,bernstein,bershad,bertseka,bestavro,bestor,bet,beta,beth,bethesda,betti,beverli,bewar,bgsu,bhamidipati,bharat,bia,biannual,bias,bibl,bibliograph,bibliographi,bibtex,bicycl,big,bigger,biggest,bigot,bike,bilingu,bilkent,bill,billi,billion,billjunk,bin,binari,bind,bing,binghamton,binomi,bio,biochemistri,bioengin,biograph,biographi,bioinformat,biolog,biologi,biomed,biotechnolog,bird,birla,birman,birmingham,birth,birthdai,bishop,biswa,bit,bitmap,bitter,bjarn,black,blackboard,blair,blais,blame,bland,blank,blast,blaze,bldg,blend,blind,blindli,blink,block,blood,bloom,bloomington,blow,blue,blum,blumof,blurb,blvd,bmg,bnr,board,boardman,boat,bob,bobbi,bockrath,bodi,bodner,boe,boehm,bohossian,boi,bold,boltzmann,bomb,bombai,bonacina,bond,bone,bonn,bonni,bonu,book,bookmark,bookshelf,bookstor,boolean,boor,boot,booth,boppana,border,borderlin,bore,bori,borland,born,borriello,borrow,bose,boss,boston,bot,bother,bottl,bottleneck,bottom,bought,boulder,boulevard,boult,bounc,bound,boundari,bounti,bowl,box,boyd,boyer,boyfriend,bozak,bracket,brad,bradford,bradlei,brain,branch,brand,brandei,brandon,brant,brasil,brave,brazil,brazilian,bread,breadth,break,breakdown,breast,breath,brenda,brent,brett,brew,brewer,brian,bricker,bridg,brief,briefli,brigg,brigham,bright,brighton,brill,bring,bristol,britain,britannica,british,broad,broadband,broadcast,broaden,broader,broadli,broadwai,brochur,brockman,broken,broker,brook,brooklyn,brother,brought,brown,brownfield,brows,browser,bruce,bruck,bruin,bruno,brunswick,brute,bruton,bryan,bryant,bsc,bsd,bsp,bsri,btech,btw,bu,buch,buchanan,bucharest,buck,bucklei,bud,budapest,buddhism,buddi,budget,buffalo,buffer,bug,bui,build,builder,built,bulb,bulk,bullet,bulletin,bump,bunch,bunt,burden,bureau,burger,burn,burnabi,burrough,burst,burt,burton,busch,buse,busi,buss,butler,butterfli,button,bye,byron,byte,byu,ca,cab,cabinet,cabl,cabot,cac,cach,cacm,cad,cae,caen,cafe,caffein,cagd,cahoon,cai,cain,caisr,cal,calcul,calculi,calculu,calcutta,calendar,calgari,calibr,calif,california,call,callahan,callawai,calpoli,caltech,calvin,calypso,cam,cambridg,camera,camil,camp,campaign,campbel,campu,can,canada,canadian,cancel,cancer,candid,candidaci,canni,cano,canon,canyon,cao,cap,capabl,capac,capit,captain,caption,captur,car,carbon,card,cardiff,cardin,care,career,careermosa,carefulli,carei,cargo,carl,carla,carleton,carlo,carlson,carnegi,carol,carolina,carolyn,carr,carrano,carri,carriag,carson,cart,carter,cartoon,carver,cascad,case,casei,cash,cashmer,cast,castl,cat,catalog,catalogu,catastroph,catch,categor,categori,catherin,cathol,caught,caus,causal,caution,cave,cb,cbc,cbcl,cbr,cc,cchin,ccr,cda,cdp,cdr,cdrom,cdt,ce,ceas,cecil,cedar,celebr,cell,cellular,censorship,centenni,center,centr,central,centuri,cepsr,ceram,cern,certif,certifi,cesdi,cet,cfar,cfd,cfp,cg,cgi,chad,chai,chain,chair,chairman,challeng,chalmer,chamber,chamberi,champ,champaign,champion,chan,chanc,chandi,chandra,chang,channel,chao,chaotic,chap,chapel,chapman,chapter,char,charact,character,characterist,charg,chariti,charl,charli,charlott,chart,charter,chase,chat,chateau,chatterje,chau,che,cheap,cheaper,cheat,cheatham,chebyshev,check,checker,checklist,checkout,checkpoint,chee,chees,chemic,chemistri,chen,cheng,chenpo,cheriton,chernoff,cheryl,chess,chew,chez,chi,chia,chiang,chicago,chief,chien,chih,child,childhood,children,chile,chill,chin,china,chines,ching,chinook,chip,choi,choic,choos,chop,chose,chosen,chou,chow,chri,christ,christensen,christian,christma,christo,christoph,chronicl,chronolog,chrysanthi,chu,chuang,chuck,chun,chung,chunk,church,ci,cia,cierniak,cikm,cilk,cim,cincinnati,cindi,cinema,circa,circl,circu,circuit,circular,circumscript,circumst,circumv,cise,cit,citat,cite,citi,citizen,civil,cla,claim,clair,clanci,clara,claremont,clarif,clarifi,clariti,clark,class,classic,classif,classifi,classmat,classnot,classroom,classwork,claud,claus,clayton,clean,cleaner,clear,clearinghous,cleaveland,clement,clemson,cleveland,clever,click,clickabl,client,cliff,clifford,climat,climb,cline,clinic,clinton,clip,clock,clone,close,closer,closest,closur,cloud,club,clue,cluj,cluster,cmg,cmo,cmp,cmpsci,cmpt,cmput,cmsc,cmt,cmu,cn,cnd,cnn,co,coach,coalit,coars,coast,coauthor,cobol,coc,cocomo,code,codesign,codewarrior,codi,coe,coexist,coffe,cog,cognit,cogsci,cohen,coher,cohes,cohn,coin,coincid,coke,col,cold,cole,coleman,colin,collabor,collaboratori,collaps,colleagu,collect,collector,colleen,colleg,collin,collis,colloquia,colloquium,cologn,colombia,color,colorado,columbia,columbu,column,com,combat,combin,combinator,combinatori,combust,come,comedi,comfort,comic,comlex,comm,command,comment,commentari,commerc,commerci,commiss,commit,committe,commod,common,commonli,commonsens,commonwealth,commun,commut,comp,compact,compani,compar,comparison,compass,compat,compcon,compel,compendium,compens,compet,competit,compil,complain,complaint,complement,complementari,complet,complex,compli,compliant,complic,compon,compos,composit,compound,comprehens,compress,compris,compromis,compsac,compsci,compulsori,comput,computation,computer,con,concav,conceiv,concentr,concept,conceptu,concern,concert,conclud,conclus,concordia,concret,concurr,condens,condit,condon,condor,conduct,conf,confer,conferenc,confess,confid,configur,confin,confirm,conflict,conform,confront,confus,cong,congest,congress,conjug,conjunct,connect,connecticut,connection,connectionist,connectionless,conot,conquer,conrad,consciou,consensu,consent,consequ,conserv,consid,consider,consist,consol,consolid,consortium,conspiraci,const,constabl,constant,constantli,constitu,constitut,constrain,constraint,construct,constructor,consult,consum,consumm,consumpt,cont,contact,contain,contemporari,content,contest,context,contextu,contigu,conting,continu,continuum,contour,contract,contractor,contradict,contrari,contrast,contribut,contributor,control,controversi,contruct,convei,conveni,convent,converg,convers,convert,convex,convinc,convolut,conwai,cook,cooki,cool,coolest,cooper,coordin,cop,cope,copenhagen,copi,copiou,copp,copper,copyright,coral,corba,corbett,cord,core,corei,corequisit,cormen,corn,cornel,corner,coroutin,corp,corpor,corpora,corpu,correct,correctli,correl,correspond,corrupt,cortex,cortic,cosmic,cost,costli,cot,cottrel,couch,couldn,council,counsel,count,counter,counti,countless,countri,coupl,courant,courier,cours,coursewar,coursework,court,courtesi,cousin,cover,coverag,cow,cox,cp,cpc,cpe,cpp,cpsc,cpsr,cpu,cr,cra,crack,craft,crai,craig,crap,crash,crawford,crawl,crazi,crc,creat,creation,creativ,creator,creatur,credibl,credit,cremer,crete,crew,cri,cricket,crime,crisi,cristian,criteria,criterion,critic,critiqu,crl,croft,crop,cross,crossroad,crossword,crovella,crow,crowd,crowlei,crpc,cruce,crucial,cruft,cruis,crummei,cruz,cry,crypto,cryptograph,cryptographi,cryptolog,cryptosystem,crystal,csa,csc,csci,cscl,cscw,csd,cse,csg,csgss,cshrc,csl,csp,csr,csrd,css,cssa,cst,cstr,csu,csuohio,csusb,ctan,cti,cube,cubic,cubicl,cuc,cue,cui,cuinfo,culler,cullinan,cult,cultur,cum,cummington,cumul,cuni,cup,cupertino,cure,curiou,current,curri,curriculum,curtain,curv,cush,custom,customiz,cut,cute,cv,cvm,cvpr,cwi,cwru,cyber,cybernet,cyberspac,cycl,cyclic,cylind,cypher,czajkowski,czar,da,dabbl,dac,dad,daedalu,dag,dagstuhl,dahlin,dai,daili,dakota,dalal,dale,dali,dalla,dalli,dam,damag,dame,damn,dan,dana,danc,dane,danger,daniel,daniela,danni,danskin,dant,dark,darko,darmstadt,darpa,darren,dartmouth,data,databas,datacub,dataflow,datagram,datalog,dataman,dataset,date,daughter,daunt,dave,davi,david,davidson,davin,davis,dawn,dayton,dbm,dc,dcc,dce,dct,de,dea,dead,deadlin,deadlock,deal,dealt,dean,dear,death,debartolo,debat,debbi,deborah,debra,debug,debugg,dec,decad,decai,decemb,decenc,decent,decentr,decid,decim,decis,declar,declin,decod,decompos,decomposit,decoupl,decreas,decstat,dedic,deduct,deep,deepak,deeper,deepli,deer,default,defeat,defenc,defend,defens,defin,definit,degeneraci,degrad,degre,deitel,dejanew,del,delai,delaunai,delawar,deleg,delet,delhi,deliber,delight,deliv,deliver,deliveri,dell,delphi,delta,demand,demer,demet,demmel,demo,democraci,demon,demonstr,den,deni,denis,denmark,denni,denot,dens,densiti,denver,dep,depart,department,depend,depict,deploi,deploy,deposit,depress,dept,deptart,depth,deputi,der,derandom,derek,deriv,deros,desai,desautel,descend,descent,deschut,describ,descript,desert,deserv,deshpand,design,desir,desk,desktop,destin,destini,destroi,destruct,detail,detect,detector,determin,determinaci,determinist,detroit,deutsch,dev,develop,development,deviat,devic,devis,devot,dewan,dewitt,dexter,dextrou,dfa,dfm,di,diagnos,diagnosi,diagnost,diagon,diagram,dial,dialect,dialog,dialogu,diamond,dian,dice,dick,dickinson,dictat,dictionari,didn,die,diego,diff,differ,differenc,differenti,difficult,difficulti,diffus,digest,digit,dijkstra,dilbert,dilemma,dim,dimac,dimens,dimension,dimitri,dine,dinesh,ding,dipl,diplom,diploma,dir,direct,directli,director,directori,dirk,dirt,dirti,disabl,disadvantag,disagre,disambigu,disappear,disappoint,disast,disc,discard,disciplin,disciplinari,disclaim,disconnect,discount,discours,discov,discoveri,discrep,discret,discrimin,discu,discuss,diseas,dishonesti,disjoint,disjunct,disk,dismiss,disnei,dispar,dispatch,dispers,displai,dispos,disregard,dissemin,dissert,dist,distanc,distant,distinct,distinguish,distort,distr,distract,distress,distribt,distribut,district,disturb,dither,ditto,div,dive,divers,divid,divin,divis,diwan,djohnson,dmitri,dn,dna,do,dobkin,doc,doctor,document,dod,doe,doesn,dog,doherti,doit,dole,dollar,domain,domin,don,donald,donat,dong,donna,donnel,dont,door,dori,dorm,dorr,dose,dot,doubl,doubt,doug,dougla,douglass,dow,down,download,downtown,doyl,dozen,draft,drag,drake,dram,dramat,drastic,draw,drawer,drawn,dread,dream,drew,drink,driscol,drive,driven,driver,drop,drove,drug,drum,druschel,dry,dryden,dsi,dsm,dsmith,dsp,dtd,dual,dualiti,duan,dub,dublin,duchamp,duck,duda,dude,due,duke,duli,dull,dummi,dump,duncan,duplic,durand,durat,durham,dusseau,dusti,duti,dvi,dwarkada,dwip,dwyer,dy,dybvig,dyer,dylan,dynam,eager,eagl,ear,earl,earli,earlier,earliest,earn,earth,earthquak,eas,easi,easier,easili,east,eastern,eastman,eat,eaton,ebel,ec,ecen,echo,ecol,ecolog,econom,economi,economist,ed,edbt,eddi,edg,edif,edinburgh,edit,editor,editori,editorship,edmond,edmonton,edmund,edt,educ,edutech,edward,edwin,eeb,eec,eff,effect,effici,effort,efg,egger,egypt,eicken,eiffel,eigenvalu,eigenvector,eighteen,eighteenth,eighth,eileen,einet,einstein,eisenberg,elabor,elain,elec,elect,electr,electro,electromagnet,electromechan,electron,electrostat,eleg,element,elementari,elen,elena,elenam,elev,eleven,eleventh,elf,elia,eliassi,elig,elimin,eliot,elis,elizabeth,ellen,elli,elliot,ellipt,elman,elsevi,elton,elw,emac,email,embarrass,embed,embodi,embrac,emerald,emerg,emeritu,emerson,emili,emin,emiss,emori,emot,emphas,emphasi,empir,emploi,employ,employe,empti,emul,enabl,encapsul,encod,encompass,encount,encourag,encrypt,encyclopedia,end,endeavor,endors,endow,endpoint,enemi,energi,enforc,eng,engag,engg,engin,england,englewood,english,engr,enhanc,eniac,enigma,enjoi,enjoy,enlarg,enlighten,enorm,enquiri,enrich,enrol,enscript,ensembl,ensu,ensur,entail,enter,enterpris,entertain,enthusiasm,entir,entiti,entitl,entranc,entri,entropi,enum,enumer,envelop,envi,environ,environment,eo,eopl,eosdi,episod,epsilon,equal,equat,equilibrium,equip,equival,er,era,erd,eric,erich,ericsson,erik,erlbaum,ernest,ernst,errata,error,erupt,escap,esp,espn,espnet,espresso,essai,essenc,essenti,est,establish,estat,esther,estim,estrin,etch,etern,eth,ethan,ethernet,ethic,etzioni,euclid,euclidean,eudora,eugen,euler,eun,euro,eurograph,europ,european,ev,eval,evalu,evan,evanston,even,event,eventu,everydai,evid,evil,evolut,evolutionari,evolv,exact,exam,examin,exampl,excel,except,excerpt,exchang,excit,exclud,exclus,excus,execpc,execut,exemplifi,exercis,exhaust,exhibit,exist,exit,exodu,exot,exp,expand,expans,expect,expend,expens,experi,experienc,experiment,expert,expertis,expir,explain,explan,explicit,explicitli,exploit,explor,exploratori,exploratorium,explos,expo,expon,exponenti,export,expos,exposit,exposur,express,ext,extend,extens,extent,extenu,extern,extra,extract,extracurricular,extrem,ey,fa,fabric,fabul,face,facet,facial,facil,facilit,facsimil,fact,factor,factori,faculti,fail,failur,faint,fair,fairli,faith,fake,fall,fals,falsafi,fame,famili,familiar,famou,fan,fanat,fanci,fang,fantasi,fantast,faq,fargo,farlei,farm,farmer,farnam,farrel,fascin,fase,fashion,fast,faster,fastest,fat,fate,fateman,father,fault,fav,favor,favorit,favourit,fax,fcc,fcrc,fddi,fear,feasibl,featur,feb,februari,feburari,feder,fedex,fee,feed,feedback,feedforward,feel,feelei,feet,feiner,feldman,fell,felleisen,fellow,fellowship,felt,felten,femal,feng,ferguson,fernandez,fernando,ferrant,ferrari,ferri,festiv,fetch,fewer,fft,fiance,fiber,fibonacci,fiction,fidel,field,fifteen,fifteenth,fifti,fight,figur,file,filenam,filesystem,fill,film,filter,final,finalist,financ,financi,find,finder,fine,finer,finger,fingerprint,finish,finit,fink,finland,fir,fire,firewal,firm,firmwar,fischer,fish,fisher,fit,fitzpatrick,fiuczynski,fix,fixpoint,fixtur,flag,flair,flame,flanagan,flash,flat,flaviu,flavor,flaw,fleck,fledg,flex,flexibl,flight,flip,float,flood,floor,floppi,florenc,florida,flow,flowchart,flower,floyd,fluctuat,fluid,fly,flyer,foc,focal,focu,focus,focuss,foil,fold,folder,folei,folk,follow,fond,font,food,fool,foot,footbal,footer,forb,forbidden,forc,ford,forecast,foreign,foremost,forest,forev,forg,forget,forgot,forgotten,fork,form,formal,format,formul,formula,forrest,forsyth,fort,forthcom,fortran,fortun,forum,forward,foster,found,foundat,founder,fountain,fourier,fourteen,fourteenth,fourth,fox,fpga,fractal,fraction,fragment,frame,framework,fran,franc,francai,francais,franci,francisco,francoi,frank,franklin,fraser,fratern,fred,freder,frederick,free,freebsd,freed,freedom,freeli,freeman,freewar,freez,freight,french,frequenc,frequent,fresh,freshman,freund,fri,fridai,friedman,friedrich,friend,friendli,frisbe,frog,front,frontier,frost,fruit,fse,ftc,ftp,fudan,fujimoto,fulbright,fulfil,full,fulli,fun,function,fund,fundament,funk,funni,furnitur,fusion,fussel,futur,fuzz,fuzzi,fyi,ga,gabbai,gabriel,gac,gaetano,gai,gail,gaimari,gain,gainesvil,gaithersburg,galact,galaxi,gale,galen,galileo,galleri,galvin,gam,gambl,game,gamelan,gamma,gandalf,gandhi,gang,gannon,gao,gap,garag,garbag,garcia,garden,gardner,gareth,garfield,gari,garlic,garrett,garrison,garth,garvei,gasser,gassko,gate,gatech,gatewai,gather,gator,gaurav,gaussian,gautam,gave,gburzynski,gcc,gdb,gear,geek,geeri,gehring,gemini,gen,gene,genealog,gener,genesi,genet,geneva,genom,gentl,genuin,geo,geoff,geoffrei,geograph,geographi,geometr,geometri,georg,georgia,gerald,gerard,gerhard,german,germani,gerri,gestur,geuru,ghost,ghostscript,ghostview,gi,giant,gibson,gideon,gif,gift,gigabit,gigabyt,gil,gilbert,gilman,gimm,girl,girlfriend,gist,git,give,glacier,glad,glanc,glasgow,glass,glen,glenn,glimps,glinert,global,globe,globecom,glori,gloriou,glossari,glove,gmd,gmt,gnn,gnu,goal,god,goddard,godfrei,goebel,gokul,gold,goldberg,golden,goldman,goldstein,golf,gong,gonna,gonzalez,good,goodi,goodman,goodrich,goof,goofi,gopal,gopalakrishnan,gopher,gordon,gorgeou,goto,gottlieb,gouda,gould,gov,govern,government,governor,govt,goyal,gpa,grab,grace,gracious,grad,grade,gradebook,grader,gradesheet,gradient,gradual,graduat,graham,grai,grail,grain,grammar,grammat,grand,grant,grante,granular,graph,graphic,grasp,grass,gratefulli,gratuit,grave,graviti,grayscal,graz,great,greater,greatest,greatli,greec,greedi,greek,green,greenspun,greenwald,greenwood,greet,greg,gregori,grei,grenobl,grep,grew,gri,grid,grievanc,griffin,grin,grinnel,grip,griswold,gropper,gross,grosz,ground,group,groupwar,grove,grow,grown,growth,grunwald,grupen,grzegorz,gsb,gslocal,gte,gtf,gtw,guadalup,guang,guangtian,guarante,guard,gucht,guess,guest,guestbook,guggenheim,gui,guid,guidanc,guidelin,guis,guitar,gulf,gun,guo,gupta,gurdip,gurevich,guri,guru,gustafson,gutierrez,gvu,gymnast,gzip,haa,habit,habitat,hack,hacker,hada,hadzilaco,hai,haiku,hail,hair,hal,half,hall,halt,halv,ham,hamilton,hampshir,han,hand,handbook,handi,handicap,handin,handl,handler,handout,handwrit,handwritten,hang,hangzhou,hank,hankin,hannah,hanoi,hanov,hansen,hanson,hao,happen,happi,haptic,har,harass,hard,hardavella,hardcopi,harder,hardwar,harm,harmoni,harnei,harold,harp,harper,harri,harrick,harrison,harsh,hart,harvard,harvei,harvest,hash,haskel,hassan,hasti,hastili,hat,hate,hausdorff,haven,hawaii,hay,hayden,hayn,hazard,hci,head,header,headlin,headquart,health,heap,heapsort,hear,heard,heart,heat,heath,heather,heaven,heavi,heavili,hebrew,heddaya,hefei,hei,heidelberg,heidi,height,hein,heinrich,held,helen,helio,hell,hella,hellen,hellerstein,helm,helman,help,helper,hen,henderson,hennessi,henri,henzing,herbert,herm,herman,hero,hertz,herzog,hesit,heterogen,heurist,hewlett,hex,hidden,hide,hierarch,hierarchi,high,higher,highest,highli,highlight,highwai,hike,hilari,hilbert,hill,hillsdal,hilton,hindi,hindu,hine,hint,hip,hire,hirschberg,histogram,histor,histori,hit,hitachi,hive,hmc,hmi,hmmm,hoar,hobb,hobbi,hobson,hoc,hoca,hockei,hodg,hodgin,hoffman,holbrook,hold,holden,holder,hole,holi,holidai,hollan,holland,hollingsworth,hollywood,holm,home,homepag,homer,hometown,homework,homogen,homolog,hon,honda,honest,honesti,honestli,hong,hongkong,honor,honorari,honour,hook,hoover,hop,hopcroft,hope,hopfield,hopkin,hopper,horizon,horizont,horn,horowitz,horror,hors,horstmann,horu,horwitz,hosk,hospit,host,hostel,hot,hotbot,hotel,hotjava,hotlink,hotlist,hoto,hough,houghton,hour,hourli,hous,household,houston,how,howard,howel,howto,hpc,hpca,hpcc,hpcd,hpdc,hpf,hr,hrbb,hsi,hsinchu,hsu,html,hto,http,httpd,hua,huang,hubbl,hudson,huge,hugh,hugo,huh,hui,hull,hum,human,hummel,humor,humphrei,hundr,hung,hungari,hungri,hunt,hunter,huntington,husband,hussein,hut,huttenloch,hwa,hwan,hybrid,hyde,hyderabad,hypatia,hype,hyper,hyperbol,hypercard,hypercomput,hypercub,hyperlink,hypermedia,hypertext,hyplan,hypothes,hypothesi,hypothet,hytim,iacc,ian,ibm,ic,icas,icc,icdc,icma,icmc,icon,icpp,icra,ics,id,ida,idaho,idea,ideal,ident,identif,identifi,idiot,idl,iee,ieee,ierf,ietf,ifip,ignit,ignor,igor,iici,iie,iii,iit,ijcai,il,ill,illeg,illinoi,illumin,illus,illustr,illustra,ilp,imac,imag,imageri,imagin,img,imielinski,immedi,immers,immigr,immun,immunolog,impact,impagliazzo,impair,impedi,imper,imperi,impetu,implant,implement,implementor,impli,implic,implicit,implicitli,import,importantli,impos,imposs,impress,improv,impuls,in,inact,inadequ,inch,incid,incident,inclin,includ,inclus,incom,incomplet,incompress,inconsist,inconveni,incorpor,incorrect,incorrectli,increas,increasingli,incred,increment,indent,independ,index,indi,india,indian,indiana,indiaworld,indic,indigo,indirect,indirectli,individu,indoor,induc,induct,industri,ineffect,ineffici,inequ,inevit,inexpens,infer,infinit,influenc,info,infocom,infom,infopad,inform,informant,informat,informatica,informatik,informatiqu,informix,infoseek,infospher,infrastructur,ing,ingr,inher,inherit,inhibit,initi,inject,injuri,ink,inktomi,inlin,inn,innov,inordin,input,inqueri,inquiri,inria,insan,insensit,insert,insid,insight,insignific,insist,inspect,inspir,inst,instal,instanc,institut,instituto,instruct,instructor,instrument,insur,int,intact,integ,integr,intel,intellectu,intellig,intellimedia,intend,intens,intension,intent,inter,interact,interchang,interconnect,interdisciplinari,interest,interfac,interfer,interim,interior,interleav,intermedi,intern,internation,internet,internetwork,internship,interoper,interplai,interpol,interpret,interprocedur,interprocess,interprocessor,interrupt,intersect,intertext,interv,intervent,interview,intim,intl,intract,intrest,intrigu,intrins,intro,introduc,introduct,introductori,intrus,intuit,intuitionist,invalid,invalu,invari,invas,invent,inventor,invers,invert,invest,investig,invit,invoc,invok,involv,ioanni,ioannidi,ion,iowa,ipc,ipl,ipng,ipp,ipsc,ipv,ir,iram,irc,ireland,iren,iri,irina,iro,iron,irregular,irrelev,irvin,irwin,is,isaac,isaw,isbn,isc,isca,isdn,isi,isidoro,isl,islam,island,ismap,ismb,isn,iso,isol,isomorph,isr,isra,israel,issu,ist,itali,italian,item,iter,ithaca,iti,itv,iue,ivan,jack,jacki,jackson,jacob,jacobsen,jacobson,jahanian,jai,jaim,jain,jair,jam,jame,jami,jan,jane,janeiro,janet,jang,janu,januari,japan,japanes,jar,jason,java,javascript,javasoft,javaworld,jayadev,jayaram,jayn,jazz,jb,jbb,jdk,jean,jeann,jeb,jeff,jeffai,jefferi,jefferson,jeffrei,jen,jenkin,jenni,jennif,jerd,jeremi,jerk,jerri,jersei,jerusalem,jess,jessica,jessup,jesu,jet,jewel,jewish,jhu,jia,jian,jianer,jiang,jianwen,jiao,jiaotong,jicslp,jie,jim,jimaf,jimmi,jin,jing,jisidoro,jitendra,jitter,joan,job,jobtrak,joe,joel,jog,jogger,johann,john,johnni,johnson,johnston,joi,join,joint,jointli,joke,jolla,jollei,jon,jonathan,jone,jordan,jose,joseph,josh,joshi,joshua,jour,journal,jpeg,jpl,jsac,juan,judaism,jude,judg,judgment,judi,judici,juggl,jul,juli,julia,julian,jump,jun,junction,june,jung,junior,junk,junki,jupit,justic,justif,justifi,justin,jye,jyothi,kabra,kai,kaiser,kale,kaltenbach,kamin,kan,kang,kannan,kanpur,kansa,kapadia,kaplan,kapoor,kappa,karat,karen,kari,karl,karlin,karlsruh,karnataka,karp,karsten,kartik,kasif,kasparov,kata,kate,katherin,kathi,kathleen,kathryn,katia,katz,kaufmann,kdd,kearnei,keck,kedar,kedem,keep,keeper,keho,kei,keith,keleh,kellei,keller,kelli,ken,kendal,kender,kennedi,kenneth,kent,kentucki,kerala,kerbero,kernel,kernighan,keshav,kessler,kestrel,kevin,keyboard,keynot,keyword,kfouri,kharagpur,khoro,kick,kid,kill,killer,kim,kimbal,kind,kinda,kindli,kinemat,king,kingdom,kiniri,kiosk,kirk,kirksei,kit,kitchen,klapper,klau,kleen,kleinrock,kluwer,knapsack,knee,knew,knife,knight,knock,know,knowledg,knoxvil,knuth,kobe,koch,kodukula,koffman,kolmogorov,kong,kontothanassi,korea,korean,korth,koster,kozen,kqml,kraft,kramer,kremer,krishna,krishnamurthi,krishnamurti,krishnan,krithi,ksr,ksu,kulkarni,kumar,kung,kuo,kuros,kurt,kushmerick,kwan,kwok,kwon,kyburg,kyle,kyoto,la,lab,label,labor,laboratoir,laboratori,labyrinth,lack,ladder,ladner,lagrangian,lai,laird,lake,lal,lam,lambda,lambert,lame,lampert,lan,lanc,land,landau,landi,landmark,landscap,landweb,lane,lang,langaug,langlei,languag,lanl,lans,lap,lar,lara,larceni,larg,larger,largest,larri,larson,laru,laser,last,latch,late,latenc,latest,latex,latin,lattic,latvia,laud,laudon,laugh,launch,laura,laurel,lauren,lauri,lausann,lavend,law,lawrenc,lawyer,layer,layout,lazi,lazowska,lc,lcsr,lea,lead,leader,leadership,leaf,leagu,leak,leap,learn,learnabl,learner,leav,leavi,lebeck,leblanc,lec,lect,lectur,lectureship,led,lederl,lee,leeuwen,left,leftist,leg,legaci,legal,legend,legibl,legion,legisl,legitim,lego,lehigh,lei,leiserson,leisur,leland,lemma,len,lend,length,lengthi,lennon,lent,leo,leon,leonard,leonida,lesli,lesser,lesson,let,letter,letterman,leung,level,leverag,leveson,levi,levin,lewi,lex,lexic,lexicon,lexington,lfc,lgrc,lgrt,li,liabl,liaison,liang,lib,liber,liberti,librari,lic,licens,lick,lie,lieberherr,life,lifelong,lifetim,lifschitz,lift,light,lightweight,like,likelihood,likewis,lili,lim,limit,lin,lincoln,linda,lindlei,line,linear,ling,linguist,link,linkag,linker,linkop,lint,linu,linux,linz,lip,lipton,liquid,lisa,lisp,list,listen,lite,liter,literaci,literari,literatur,litvinov,liu,live,livelock,livermor,livingston,livni,liz,lloyd,lnc,lo,load,loader,loan,local,locat,lock,lockhe,locomot,loew,log,logarithm,logic,login,logist,logo,london,lone,long,longer,longest,look,lookahead,lookup,loop,loos,lope,lord,lorenz,lorenzo,lori,lose,loss,lost,lot,lotu,lou,loui,louiqa,louisiana,loup,love,lover,low,lowel,lower,lowest,lpr,lsrc,lucent,luci,luck,lucki,lui,luke,lumber,lumelski,lunch,lund,lung,luo,lurker,lusena,lyco,lynch,lynn,lynx,lyric,mac,macbrid,macdonald,mace,mach,machin,machineri,machkasova,macintosh,mackai,maclean,macmillan,macro,macsyma,macweek,mad,made,madison,madra,mag,magazin,mage,magic,magna,magnet,magnitud,maguir,magzin,maher,mahesh,mai,mail,mailbox,mailto,main,mainfram,mainland,mainstream,maintain,mainten,major,majordomo,mak,make,makefil,maker,makeup,mal,malaysia,male,malik,mall,maloni,man,manag,manageri,manber,manchest,mandala,mandat,mandatori,mangasarian,manhattan,mani,manifest,manifesto,manipul,manitoba,manner,manual,manuel,manufactur,manuscript,map,mapl,mar,marathon,marc,march,marco,marek,margaret,margin,margo,mari,maria,marin,marina,mario,mark,market,marketplac,markhil,markov,marku,markup,marla,marri,marriag,marsha,marshal,martha,marti,martial,martin,marvel,marvin,maryland,marzullo,mascot,mask,mason,maspar,mass,massachusett,massiv,master,masteri,match,mate,mateo,mater,materi,math,mathemat,mathematica,mathematician,mathew,matlab,matric,matrix,matroid,matsushita,matt,matter,matthew,matthia,matur,maui,max,maxim,maximum,maze,mbone,mc,mcallist,mcauliff,mcc,mccalla,mccallum,mccann,mccarthi,mcconnel,mcdonald,mcdonnel,mceng,mcgill,mcgraw,mcintosh,mckai,mckeown,mckinlei,mclean,mcleod,mcmurchi,mcp,mdt,mead,mean,meander,meaning,meant,meantim,measur,mechan,medal,medford,media,median,mediat,medic,medicin,medina,medit,medium,mee,meera,meet,meg,megabyt,mehrotra,mei,meiko,meira,mel,melani,melbourn,melhem,melissa,mellon,mellor,melodi,mem,member,membership,memo,memor,memori,men,mendel,meng,menlo,mental,mention,mentor,menu,mercer,merchant,mercuri,mere,merg,mergesort,merit,merl,merril,mesh,mess,messag,messi,met,meta,metacomput,metacrawl,metal,metaphor,metatheori,meteorolog,meter,method,methodolog,metric,metro,metropolitan,mexico,meyer,mfc,mi,miami,mib,mice,michael,michal,michel,michigan,micro,microarchitectur,microcomput,microelectron,microkernel,microlab,micron,microprocessor,microprogram,microsoft,microsystem,microwav,mid,middl,middletown,middlewar,midi,midnight,midterm,midwest,mighti,migrat,miikkulainen,mik,mike,mikhail,milan,milano,mile,mileston,militari,milk,mill,miller,millersv,millersvil,million,milton,milun,milwauke,mimd,mime,mimic,min,mind,mine,miner,minesweep,ming,mini,miniatur,minibas,minim,minimalist,minimum,minion,minist,ministri,minneapoli,minnesota,minor,minski,minu,minut,mip,miracl,miranda,mirank,miron,mirror,mirski,misc,miscellan,miscellanea,miscellani,miscellania,misconcept,misconduct,mishra,misplac,misra,miss,mission,mississippi,missouri,mistak,mit,mitchel,mitra,mitsubishi,mix,mixtur,mizar,mlh,mo,mobil,mobisa,mock,modal,mode,model,modem,moder,modern,modest,modif,modifi,modul,modula,modular,moham,mohammad,mohan,moi,mok,molecular,mom,moment,mon,monash,mondai,monei,monica,monitor,monk,monograph,monoton,monster,mont,montana,monterei,montgomeri,month,monthli,monti,montreal,mood,moon,moonei,moonlight,moor,moral,moran,moret,morgan,morn,morph,morri,morrisett,morrow,mors,mortal,mosaic,moscow,moss,mother,motif,motion,motiv,motor,motorcycl,motorola,motto,motwani,mount,mountain,mous,move,movement,movi,mozart,mozilla,mpeg,mpi,mpp,mrc,mri,msc,mse,msm,mst,msu,mtsu,mtu,mtv,mtwr,mud,mudd,muddc,mug,mukesh,mukherje,multi,multiag,multic,multicast,multicommod,multicomput,multidatabas,multidimension,multidisciplinari,multifunct,multilay,multilevel,multilingu,multimedia,multimod,multipl,multiplex,multipli,multipol,multiprocess,multiprocessor,multiprogram,multiresolut,multiscal,multiscalar,multisensor,multitask,multithread,multivari,mumbai,mundan,munich,munson,murali,muri,murphi,murrai,murtezaoglu,murthi,muscl,museum,music,musician,mustang,mutat,mutual,mwf,myer,myhil,myriad,myrinet,mysor,mysteri,mystic,mythic,mytholog,na,nabil,nacho,nag,name,namespac,nanci,nando,nanj,nant,nara,narasimha,narr,narrow,narten,nasa,nashvil,nat,natarajan,nathan,nathaniel,nation,nativ,nato,natur,naughton,naval,navath,navi,navig,navin,nawaaz,nayar,nba,nbc,ncaa,ncr,ncsa,ncstrl,ncsu,ncube,ndsu,neal,nearbi,nearest,neat,neb,nebraska,nec,necess,necessarili,necessit,nedeljkov,need,needless,nefari,neg,negat,neglect,negoti,neighbor,neighborhood,neil,nell,nelson,nenad,neo,nephew,nerd,nerod,nervou,nest,net,netbsd,netfind,netherland,netlib,netscap,netsurf,network,neu,neumann,neural,neuro,neurobiolog,neurocomput,neuroetholog,neurolog,neuron,neurosci,neurosurgeri,neutral,nevada,nevil,new,newark,newbi,newer,newest,newli,newman,newport,newsflash,newsgroup,newslett,newspag,newspap,newsread,newt,newton,nextstep,nf,nfl,nguyen,nhl,niagara,nice,nichol,nichola,nick,nicknam,nicol,nicola,nicolau,niec,nielsen,nifti,nigel,night,nih,nii,niko,nikolao,nile,ning,ninth,nip,nist,nlm,nlp,nmsu,no,noah,noam,nobel,nobl,nodak,node,noe,noel,noell,nois,noisi,noland,nomad,nomin,nondetermin,nondeterminist,nonetheless,nonholonom,nonlinear,nonmonoton,nonprofit,noon,norm,normal,norman,north,northeast,northeastern,northern,northwest,northwestern,norton,norvig,norwai,norwood,nossdav,notabl,notat,note,notebook,noteworthi,notic,notifi,notion,notori,notr,notwithstand,noun,nov,novak,novel,novemb,novic,nowadai,npr,nsa,nserc,nsf,ntu,nuclear,nugget,null,num,numa,numb,number,numer,nuprl,nutshel,nwu,nyc,nyi,nynex,nyu,oak,obispo,object,objectbas,oblig,obligatori,obliqu,obscur,observ,observatori,obsolet,obstacl,obtain,obviat,obviou,occas,occasion,occlud,occup,occupi,occur,occurr,ocean,oct,octob,od,odd,odmg,odyssea,off,offend,offens,offer,offic,officem,offici,offset,oh,ohio,ohlrich,oil,oit,oklahoma,ol,ola,older,oldest,oldham,oleg,olin,oliv,oliveira,olsen,olvi,olymp,omega,omg,omit,ongo,onion,onlin,onr,ontario,ontolog,onward,oodb,oodbm,oop,oopsla,op,opal,opaqu,open,opengl,openinventor,openstep,oper,opera,opinion,oppon,opportun,oppos,opposit,opt,optic,optim,optimis,optimist,option,oracl,oral,orang,orca,order,ordin,ordinari,oregon,oren,org,organ,organiz,ori,orient,origin,orlando,orlean,orono,orsa,ortega,orthodox,orthogon,osa,oscar,oscil,osdi,osf,osl,osm,osmania,oswego,othello,ottawa,otter,ousterhout,out,outcom,outdat,outdoor,outer,outlin,output,outreach,outstand,overcom,overflow,overhaul,overhead,overlap,overload,oversea,overton,overview,ow,owen,owl,own,owner,oxford,ozsoyoglu,pablo,pace,pacif,pack,packag,packard,packer,packet,pact,pad,padua,page,pager,pai,paid,pain,paint,painter,pair,pal,palac,paleczni,palmer,palo,pami,pan,panda,panel,panelist,pang,panic,pankaj,pano,panorama,pao,paola,papadimitri,papadopoulo,paper,par,paradigm,paradis,paradox,paradyn,paragon,paragraph,parallel,paramet,parameter,parametr,paramount,parascop,parc,pardyak,parent,pari,park,parker,parkwai,pars,parser,parson,part,parthasarathi,parti,partial,particip,particl,partit,partner,partnership,pasadena,pascal,pasqual,pass,passag,passion,passiv,password,past,pat,patch,patel,patent,path,pathfind,patholog,patienc,patient,patra,patricia,patrick,pattern,patterson,patton,paturi,paul,paulb,paulo,paus,pavel,pavlidi,pawel,payment,pazzani,pb,pc,pci,pda,pde,pdf,pdi,pdt,peac,peak,pearl,peck,pedagog,pedro,peek,peer,peg,pei,peke,pemmaraju,pen,penal,penalti,pencil,pend,peng,penn,pennsylvania,penros,pentium,peopl,perceiv,percent,percentag,percept,perceptron,perceptu,perez,perfect,perform,period,peripher,perkin,perkowitz,perl,perman,permiss,permit,permut,perng,perpetu,persist,person,personnel,perspect,persuad,pertain,pertin,perturb,perus,pervas,pessimist,pet,pete,peter,petersburg,peterson,petri,pfeiffer,pfile,pgm,pgp,phantom,phase,phd,phenomena,phenomenolog,phi,phil,philadelphia,philip,philipos,philipp,phillip,philosoph,philosophi,phoenix,phone,phonolog,photo,photocopi,photograph,photographi,phrase,phy,physic,physician,physicist,physiolog,piano,pic,pick,pickup,pict,pictur,piec,pierc,pighin,pike,pilani,pilot,pim,pin,pinch,pine,ping,pingali,pink,pinki,pioneer,pipe,pipelin,pirat,pisa,piscatawai,pit,pitt,pittsburgh,pivot,pixel,pizza,place,placement,plagiar,plai,plain,plan,planar,plane,planet,planetari,planner,plant,plapack,plasma,plastic,platform,platinum,plausibl,plaxton,player,pldi,pleas,pleasant,pleasur,plenti,plenum,plot,plotkin,plug,plummer,pod,poem,poetri,poggio,point,pointer,poisson,poker,poland,polar,pole,poli,polic,polici,polish,polit,politecnico,politician,poll,pollack,polli,pollut,pollux,polo,polygon,polyhedra,polym,polymorph,polynomi,polytechn,ponc,ponder,pong,pooch,pook,pool,poor,poorli,pop,pope,popl,popul,popular,port,portabl,porter,portfolio,portion,portland,portrai,portrait,portug,portugues,pose,posit,posix,poss,possess,possibl,post,postal,postcard,postcript,postdoc,postdoctor,poster,postgr,postscipt,postscript,potenti,poughkeepsi,poulo,pound,pow,powel,power,powerlist,powerpc,powerpoint,ppopp,ppp,practic,practicum,practition,pradesh,pragmat,prakash,prasad,prashant,prasun,pratt,praveen,pre,precarn,preced,precis,precondit,predat,predecessor,predic,predict,prefac,prefer,prefetch,prefix,prejudic,prelim,preliminari,premier,prentic,preorder,prepar,preprint,preprocess,preprocessor,prereq,prerequisit,prescrib,presenc,present,preserv,presid,presidenti,press,pressur,prestigi,preston,pretti,preval,prevent,preview,previou,previous,pri,price,pride,priediti,prima,primal,primari,primarili,prime,primer,primit,prin,princ,princeton,princip,principl,print,printer,prior,priorit,prioriti,prism,prison,privaci,privat,prize,pro,probabilist,probabl,probe,problem,problemat,proc,proce,procedur,proceed,process,processor,produc,product,prof,profess,profession,professor,professorship,profici,profil,profit,prog,program,programm,programs,progress,prohibit,proj,project,projector,prolog,promis,promot,prompt,prone,pronounc,proof,propag,proper,properli,properti,propheci,proport,propos,proposit,propuls,prose,prospect,prosser,prostitut,protect,protein,protest,proteu,protocol,prototyp,proud,provabl,prove,proven,prover,provid,provinc,provis,provo,provost,proxi,prune,pseudo,psp,pst,psy,psych,psychiatr,psycholog,psychologist,pub,publ,public,publicli,publish,pull,puls,puma,pump,punch,punctual,punish,purchas,purdu,pure,purpos,pursu,pursuit,push,pushdown,put,puzzl,pvm,pw,pyi,pyramid,python,qbic,qd,qian,qiao,qing,qiu,qo,qsim,qstout,quad,quadrangl,quadrat,quadtre,qual,qualif,qualifi,qualit,qualiti,quantifi,quantit,quantiti,quantiz,quantum,quark,quarter,quarterli,quasi,quebec,queen,quentin,queri,quest,question,questionnair,queu,queue,quick,quickli,quicksort,quicktim,quinn,quit,quiz,quizz,quot,quotat,ra,rabaei,rabbit,rabin,race,rachel,racquet,racquetbal,rad,radar,radial,radiat,radic,radio,radiolog,radiu,raft,raghavan,raghu,rahul,rai,raid,railroad,rain,rais,raj,rajamani,rajaraman,rajeev,rajesh,rajiv,raju,rakesh,raleigh,ralph,ram,ramachandran,ramakrishnan,ramamritham,ramamurthi,raman,ramasami,ramaswami,rambl,ramesh,rami,ramin,ramm,ramon,ran,ranc,ranch,rand,randal,randi,randolph,random,randomli,rang,rangan,rank,rao,rap,rapid,rapidli,rare,raschid,rashid,rasmussen,raster,rate,ratio,ration,rational,ratliff,ravi,ravindra,ravishankar,raw,raymond,rbr,rc,rdb,re,reach,reachabl,react,reaction,reactiv,reactor,read,readabl,reader,readi,readili,readm,real,realaudio,realist,realiti,realiz,realm,realtim,reanneal,reasearch,reason,rebecca,rec,recal,receiv,recent,recherch,reciev,recip,recipi,recit,recogn,recognit,recollect,recommend,reconfigur,reconstruct,record,recov,recoveri,recreat,recruit,recurr,recurs,recycl,red,reddi,redesign,redistribut,redmond,reduc,reduct,redund,redwood,reed,reengin,reev,ref,refer,refere,referenc,refin,reflect,reflex,reform,refresh,refus,refut,regard,regent,regina,region,regist,registr,registrar,registri,regrad,regress,regul,regular,regularli,rei,reich,reid,reif,reilli,reinforc,reinhardt,reiter,reject,rel,relai,relat,relationship,relax,releas,relev,reli,reliabl,relief,religion,reload,remain,remaind,remark,remedi,rememb,remind,remot,remov,remu,ren,render,rendezv,rene,reness,reno,renov,renssela,rent,rental,reorder,reorgan,rep,repair,repeat,repeatedli,replac,replai,repli,replic,report,repositori,repres,represent,reprint,reproduc,reproduct,republ,republican,request,requir,requisit,reschedul,reseach,research,resembl,reserv,reset,resid,residu,resili,resolut,resolv,reson,resort,resourc,resours,respect,respond,respons,rest,restart,restaur,restor,restrict,restructur,resubmit,result,resum,ret,retail,retain,retarget,retim,retir,retreat,retriev,retrospect,return,reus,reusabl,reuter,reveal,revers,review,revis,revisit,revolut,revolv,reward,rewrit,rex,reynold,rfc,rgaimari,rhode,ribbon,rice,rich,richard,richardson,richer,richter,rick,rid,ride,ridg,riesbeck,riesenfeld,right,rigid,rigor,rim,ring,ringer,ringger,rio,rip,risc,rise,riseman,risk,riski,risto,ritchi,ritter,rival,river,riversid,rivest,rivl,rjl,road,roam,rob,robbert,robbin,robert,robertson,robin,robot,robotman,robust,robustli,rochest,rock,rockefel,rocket,rocki,rod,rodger,rodin,rodnei,rodriguez,roger,roget,roi,roland,role,roll,rolla,roller,rom,roman,romanc,romania,romanian,rome,romer,ron,ronald,ronitt,room,roommat,roorke,root,rose,rosen,rosenberg,rosenblum,rosenfeld,ross,rossi,roster,rot,rotat,roth,rough,roughli,round,rout,router,routin,rover,row,royal,royr,rpc,rpi,rsa,rsvp,rt,rtl,ru,rubinfeld,rug,rule,run,rung,runner,runtim,rush,russ,russel,russia,russian,rusti,rutger,ruth,rutherford,ruzzo,ryan,ryder,sabbat,saber,sac,sachin,sacm,sad,safe,safer,safeti,sahni,sai,saic,sail,saint,sake,sal,sale,salehi,salesin,salesman,salisburi,salli,salsa,salt,salton,saltz,salvatori,salzberg,sam,samir,sammi,sampl,samuel,san,sand,sandeep,sander,sandhya,sandi,sandia,sandra,sang,sanjai,sanjeev,santa,santaf,santiago,sarah,sarcar,sarita,sarkar,sask,saskatchewan,saskatoon,sat,satellit,satisfact,satisfactori,satisfi,satish,saturdai,saul,savag,save,savitch,sc,scalabl,scalapack,scalar,scale,scan,scandinavian,scanner,scare,scari,scatter,scenario,scene,sceneri,scenic,schach,schaeffer,schaffer,schapiro,schedul,schema,schemat,scheme,schemer,schemm,schildt,schlumberg,schmidt,schneider,scholar,scholarli,scholarship,school,schroeder,schubert,schulzrinn,schwan,schwartz,schwarz,sci,scienc,scientif,scientist,sclaroff,scm,scope,score,scot,scotch,scotland,scott,scout,scp,scrambl,scratch,scream,screen,screw,scribe,script,scroll,scuba,sculptur,sdg,sdk,sdsc,sea,seal,sean,search,searchabl,season,seattl,sec,second,secondari,secret,secretari,section,sector,secur,sed,seed,seek,seemingli,segal,segment,sei,seidel,seinfeld,seitz,selbi,seldom,select,sell,seltzer,semant,semaphor,semest,semesterli,semi,semiconductor,seminar,sen,senat,send,sender,senior,sens,sensit,sensor,sensori,sentenc,sentinel,seoul,sep,separ,sept,septemb,seq,sequenc,sequent,sequenti,sequin,sequoia,serg,sergeant,sergei,seri,serial,serializ,serv,server,serverless,servic,servo,seshadri,session,set,sethi,settl,setup,seuss,seventeenth,seventh,sever,sew,sex,sexual,sfi,sfu,sgi,sgml,sha,shade,shadow,shaffer,shah,shake,shakespear,shame,shameless,shan,shanghai,shannon,shape,shapiro,sharad,share,sharewar,sharma,sharon,sharp,shasha,shavlik,shaw,shawn,shed,sheet,sheldon,shelf,shell,shen,sheng,shenoi,shepherd,shi,shield,shift,shih,shin,ship,shirt,shlomo,shneiderman,shock,shoot,shop,shore,short,shortcom,shortcut,shorter,shortest,shortli,shot,shoulder,shouldn,show,shown,shree,shrimp,shrink,shubhendu,shuffl,shukla,shun,shuttl,siam,sibl,sick,sid,siddhartha,side,sieg,siegel,siemen,sierra,siff,sig,sigact,sigarch,sigart,sigcaph,sigchi,sigcomm,sigcs,sigda,siggraph,sight,sigir,sigma,sigmetr,sigmod,sign,signal,signatur,signific,significantli,sigop,sigplan,sigsoft,silberschatz,silicon,silk,silli,silva,silver,simd,similar,similarli,simlab,simmon,simon,simpl,simpler,simplex,simpli,simplic,simplif,simplifi,simpson,simul,simultan,sin,sinanet,sincer,sing,singapor,singer,singh,singhai,singhal,singl,singular,sinica,sink,sip,sir,sister,sit,sitaraman,site,situat,sixteenth,sixth,sixti,size,skate,skeleton,skeptic,sketch,skew,ski,skill,skim,skin,skip,skrentni,sky,slack,slate,slave,sleep,slice,slide,slight,slightli,slinki,slip,sloan,slot,slow,slowli,small,smaller,smallest,smalltalk,smart,smc,smell,smile,smith,smithsonian,sml,smoler,smooth,smoothli,smp,snail,snake,snap,snapshot,snep,snmp,snoop,snow,snowboard,snyder,snygg,so,soap,soar,sobel,soc,soccer,social,societi,sociolog,socket,soda,soft,softbal,softbot,softwar,sohi,sol,solari,sold,sole,solicit,solid,solomon,solowai,solut,solv,solvabl,solver,somedai,somerset,son,song,soni,sophist,sophomor,sort,sorter,sosp,sought,soul,soumen,sound,sourc,south,southeast,southeastern,southern,southwest,southwestern,spaa,space,spain,spam,span,spanish,sparc,sparcstat,spare,spark,spars,spatial,spawn,speak,speaker,spec,special,specialist,specif,specifi,spectral,spectrum,specul,specular,speech,speed,speedup,spell,spenc,spencer,spend,spent,sphere,spheric,spice,spider,spie,spim,spin,spirit,spiritu,spite,splash,spline,split,spoken,sponsor,sport,sportszon,spot,spread,spreadsheet,spring,springer,springfield,sprint,sql,squar,squash,sr,src,sri,sridevi,sridhar,srihari,sriniva,srinivasan,sriram,srivastava,ssc,ssh,ssl,ssuen,stab,stabil,stabl,staci,stack,staf,staff,stage,stai,stair,stake,stale,stall,stamp,stan,stand,standalon,standard,standpoint,stanford,stankov,stanlei,stansif,star,stare,stark,start,starter,startup,stasko,stat,state,statement,static,station,stationari,statist,statu,stc,std,steadi,steal,steam,steel,steer,stefan,stefano,steiglitz,stein,steinberg,steinmetz,stella,stem,step,stephan,stephani,stephen,stepwis,stereo,stern,stet,steve,steven,stevenson,stewart,stick,stimul,sting,stl,sto,stoc,stochast,stock,stockholm,stodghil,stoke,stolen,stoll,stoller,stone,stonebrak,stoni,stop,storag,store,stori,stott,stout,straight,straightforward,strand,strang,strateg,strategi,stratifi,stream,streamlin,street,strength,stress,stretch,strict,strictli,strike,string,strip,stripe,strive,strong,strongli,stroustrup,struck,struct,structur,struggl,stu,stuart,stuck,student,studi,studio,stuff,stumbl,stupid,stuttgart,style,subcommitte,subdirectori,subdivis,subgroup,subject,submiss,submit,subprogram,subrahmanian,subramanian,subroutin,subscrib,subscript,subsequ,subset,substanc,substanti,substitut,substrat,substructur,subsystem,subtract,subtre,subtyp,suburb,subwai,succe,success,successfulli,suck,suda,sudarshan,sudikoff,sue,suen,suffer,suffic,suffici,suffix,suggest,suhui,suicid,suif,suit,suitabl,sullivan,sultan,sum,sumedh,summar,summari,summat,summer,summit,sun,sundai,sundaram,sung,suni,sunlab,sunlung,sunni,suno,sunris,sunset,sunsit,sunysb,super,superb,supercomput,superhighwai,superior,supermodel,superpag,superscalar,supervis,supervisor,supplement,supplementari,suppli,support,suppos,suprem,surendar,suresh,surf,surfac,surfer,surgeri,surgic,surpass,surpris,surprisingli,surround,survei,surviv,susan,suspect,suspend,suspens,sussman,sustain,sutherland,sutton,swain,swander,swanson,swap,swat,sweat,sweden,swedish,sweep,sweet,swim,swing,swiss,switch,switchboard,switzerland,sy,sybas,sydnei,syllabi,syllabu,symbol,symmetr,symmetri,symp,symphoni,symposia,symposium,sync,synchron,synchroni,synergi,synergist,synopsi,syntact,syntax,synthes,synthesi,synthet,syracus,syst,system,systemat,systol,sytem,szafron,ta,tab,tabbara,tabl,tabul,tac,tackl,tactic,tactil,tae,tag,taho,tai,tail,tailor,taipei,taiwan,taiwanes,take,talent,talk,talluri,tam,tamara,tamer,tamilnadu,tamu,tan,tandem,tanenbaum,tang,tango,tanimoto,tank,tannen,tao,tap,tape,tar,target,task,tast,tata,tatsuya,tau,taught,taxat,taxonomi,taylor,tba,tbd,tc,tcl,tcp,tea,teach,teacher,team,teamwork,tech,technic,technion,techniqu,technolog,techreport,ted,teer,tei,teitelbaum,tekin,tel,tele,telecom,telecommun,telegraph,teleoper,telephon,telephoni,telerobot,telescop,televis,tell,teller,telnet,temp,temperatur,tempest,templ,templat,tempor,temporari,temporarili,ten,tend,tender,teng,tennesse,tenni,tens,tension,tensor,tent,tenth,tenur,teodor,tera,tercentenari,teresa,term,termin,terminolog,terrac,terrain,terrenc,terri,terrorist,ters,tertiari,tesauro,test,testabl,testb,tester,testimoni,tex,texa,texinfo,text,textbook,textual,textur,tf,thai,thanksgiv,thayer,theater,theatr,themat,theme,theodor,theor,theorem,theoret,theori,therapi,thereof,thesauru,these,thesi,thin,thing,think,thinksheet,thirteenth,thirti,thoma,thompson,thorsten,thought,thousand,thread,threat,threaten,threshold,thrive,throughput,throw,thrown,thrust,thu,thumb,thur,thursdai,thwart,ti,tian,tick,ticker,ticket,tidbit,tiger,tight,tightli,tigukat,tile,till,tilt,tim,time,timeout,timestamp,timet,timothi,tina,tini,tinker,tip,tire,titan,titanium,titl,tiwari,tkde,tlb,tmcb,tobi,tobia,toc,tod,todai,todd,toi,toil,token,tokyo,told,toledo,toler,toll,tom,tomasz,tomographi,tomorrow,tompa,ton,tone,tong,tongu,toni,tool,toolbox,toolkit,toolset,top,topic,topla,topograph,topolog,torczon,tori,toronto,toss,total,totem,touch,toulous,tour,touretzki,tourist,tournament,tower,town,townsend,towslei,tpc,trace,tracer,traci,track,tracker,tractabl,trade,trademark,tradeoff,tradit,tradition,traffic,tragic,trail,trailer,train,trainabl,traineeship,trajectori,tran,transact,transcript,transfer,transform,transi,transient,transistor,transit,translat,transmiss,transmit,transpar,transport,trap,traub,travel,travers,travi,treadmark,treasur,treat,treatment,trec,tree,trek,tremblai,tremend,trend,trevor,trial,triangl,triangul,tribe,tribut,trick,tricki,trier,trip,tripathi,tripl,trivia,trivial,troi,tropic,troubl,troubleshoot,truck,true,trumpet,trust,truste,truth,trw,tsai,tsatalo,tse,tseng,tsing,tsinghua,tth,tuck,tucker,tucson,tue,tuesdai,tuft,tulan,tullsen,tune,tung,tunnel,tupl,turbo,ture,turkei,turkish,turn,turner,turnin,turtl,tusch,tuth,tutor,tutori,tutsch,twelfth,twelv,twent,twenti,twentieth,twin,twist,twsu,txt,tyang,type,typeset,typic,typo,typograph,tzu,uab,ualberta,ubiquit,uc,ucb,ucdavi,uci,ucla,ucpop,ucr,ucsb,ucsd,ucstri,udo,udp,ufl,uidaho,uiowa,uist,uiuc,uki,uli,ullman,ulrich,ultim,ultra,ultrasound,umass,umc,umcp,umd,umiac,umich,uml,umn,una,unabl,unansw,unavail,unawar,unbeliev,unc,uncertain,uncertainti,unchang,uncl,uncompress,und,undecid,underconstruct,undergo,undergrad,undergradu,underground,underli,underlin,underpin,underst,understand,understood,undertak,undertaken,underwai,underwat,undo,unexpect,unfair,unfamiliar,unforeseen,ungureanu,unhappi,uni,unif,unifi,uniform,uniformli,union,uniprocessor,uniqu,unit,uniti,univ,univer,univeristi,univers,universidad,universit,universitaet,unives,unix,unknown,unlik,unm,unnecessari,unoffici,unpredict,unpublish,unrel,unreli,unrestrict,unsolv,unstructur,unsupervis,unsur,untar,untyp,unusu,uofa,uoregon,up,upcom,updat,upenn,upgrad,upper,upset,upson,upstair,ur,urban,urbana,urc,urg,urgent,uri,url,uroulett,us,usa,usabl,usag,usask,usc,useless,usemap,usenet,usenix,user,usernam,usr,ussr,ustc,usual,uta,utaccess,utah,utc,utexa,utgoff,util,utsa,uuencod,uvic,vacat,vadim,vagu,val,valentin,valiant,valid,vallei,valu,valuabl,van,vancouv,vanderbilt,varghes,vari,variabl,variant,variat,varieti,vasken,vassar,vast,vax,vazirani,vcr,vector,vectra,vega,veggi,vehicl,veloc,vendor,venezuela,venkat,venu,vera,verbal,verif,verifi,verilog,verlag,verma,vermont,vernon,veronica,versa,versatil,version,versu,vertex,vertic,veteran,vetter,vhdl,vi,viabl,vic,vice,vicki,victor,victori,victoria,video,videotap,vienna,view,viewabl,viewer,viewpoint,vii,viii,vijai,vijaya,vikram,villag,vin,vincent,vineet,violat,vip,vipin,virgil,virginia,virtual,viru,virus,visibl,vision,visit,visitor,vista,visual,viswanathan,vita,vital,vivek,vladimir,vldb,vliw,vlsi,vnet,vocabulari,vocal,vod,voelker,vogel,voic,vol,volatil,volcano,volleybal,voltag,volum,volumetr,volunt,volvo,von,voronoi,vortex,voss,vote,voyag,vrml,vuse,wacki,waddel,wade,wafer,wagner,wahab,wahl,wai,wait,wake,wale,walk,walker,walkthrough,walkthru,wall,walnut,walsh,walt,walter,waltham,walton,wan,wand,wander,wang,wanna,want,war,warang,ward,wareh,warehous,warfar,warm,warn,warp,warrant,warren,warrior,warsaw,wart,wash,washington,wasn,wasserman,wast,watch,water,waterfal,waterloo,waterman,watson,watt,wave,waveform,wavelet,wawrzynek,wax,wayn,wcsss,we,weak,wealth,weapon,wear,weari,weather,weaver,web,webcrawl,weber,webliographi,webmast,webolog,webpag,websit,webster,wed,wednesdai,week,weekdai,weekend,weekli,weem,wei,weight,weihl,weimin,weinberg,weird,weiss,weiz,weizmann,welch,weld,welfar,well,welleslei,wellman,wen,wendi,wendt,weren,werner,weslei,wesleyan,west,western,wet,weyl,what,wheel,whereabout,whine,whisker,whistl,whitak,white,whitehead,whitewat,wi,wic,wichita,wide,wider,widespread,widget,width,wife,wigderson,wild,wilder,wilei,wilk,wilkinson,will,willi,william,williamsburg,williamson,wilson,win,wind,window,wine,wing,winkel,winner,winograd,winsock,winston,winter,wire,wireless,wisc,wisconsin,wisdom,wise,wit,withdraw,wither,wizard,wolf,wolff,wolman,woman,women,won,wonder,wong,wood,wooden,woodrow,woodward,woodwork,worcest,word,work,worker,workflow,workload,workplac,workshop,workspac,workstat,world,worldwid,worm,wormhol,worri,wors,worst,worth,worthi,wouldn,wow,wrap,wrapper,wright,write,writer,writeup,written,wrong,wrote,wsc,wuhan,wustl,wwh,wwo,wwt,www,wyatt,xerox,xf,xia,xianghui,xiao,xie,xin,xlib,xue,xxx,yacc,yahoo,yale,yan,yang,yanni,yao,yap,yard,yaser,yate,ychuang,yeah,year,yechiam,yee,yelick,yellow,yemini,yen,yield,yin,ying,yoder,yong,yoo,york,yorktown,young,younger,yousef,youth,yuan,yue,yuh,yung,yuri,yuval,zabih,zachari,zahorjan,zaki,zealand,zebra,zen,zena,zhai,zhang,zhao,zhejiang,zheng,zhihong,zhongshan,zhou,zhu,zilberstein,zip,zippel,zone,zong,zoo,zoom,zorn,zou,zpl,zsu,zuckerman,zurich,zvi,zwaenepoel,zwill